,,,,,,,,,,,,,THOUGHTS,,,,,FEELINGS,,,,,BEHAVIORS,,,,,,,THOUGHTS,,,,,FEELINGS,,,,,BEHAVIORS,,,,
Number,Broad Domain 1,Broad Domain 2,Title ,Source of original scenario,Editor 1,Editor 2,One more check!,Photo Check ,"UVA-Specific Photo or Scenario?  (Undergrad, grad, faculty, staff, or all?)",Original Title,Original scenario body,Original photo link,Original positive/adaptive THOUGHT,Original positive/adaptive THOUGHT,Original negative/maladaptive THOUGHT,Original tolerating negative or resilience THOUGHT,Original tolerating negative or resilience THOUGHT,Original positive/adaptive FEELING,Original positive/adaptive FEELING,Original negative/maladaptive FEELING,Original tolerating negative or resilience FEELING,Original tolerating negative or resilience FEELING,Original positive/adaptive BEHAVIOR,Original positive/adaptive BEHAVIOR,Original negative/maladaptive BEHAVIOR,Original tolerating negative or resilience BEHAVIOR,Original tolerating negative or resilience BEHAVIOR,Scenario body ,Photo Link,Positive/adaptive THOUGHT,Positive/adaptive THOUGHT,Negative/maladaptive THOUGHT,Tolerating negative or resilience THOUGHT,Tolerating negative or resilience THOUGHT,Positive/adaptive FEELING,Positive/adaptive FEELING,Negative/maladaptive FEELING,Tolerating negative or resilience FEELING,Tolerating negative or resilience FEELING,Positive/adaptive BEHAVIOR,Positive/adaptive BEHAVIOR,Negative/maladaptive BEHAVIOR,Tolerating negative or resilience BEHAVIOR,Tolerating negative or resilience BEHAVIOR
1,Academic,Social Situations,Friend's Cheating,BBBS,Kaitlyn,Tylar/Emma,Tylar/Emma,,,Important test,You have a science test next week that's going to count for a lot of your grade. You haven't understood this unit's course material that well and you wonder how the test is going to go.,https://drive.google.com/file/d/10SQmYfVuHzcGYJjADi5bmTtG4gXr2V9x/view?usp=sharing,This test will go well. ,I can ask for help to study for this test. ,My teacher will think I'm dumb if I do not do well. ,"I think that I may never catch on, but know that if I try, I'll be able to.","This class is so hard to keep up in, but I decide to keep trying.",I feel excited to prove myself wrong. ,I feel ready to get going with studying. ,I am worried about taking this test and failing.,"I'm worried about asking for help to study, but know that it'll help me get a better grade. ","I am scared about failing, but know that trying is what matters. ",I'll study really hard and ask my teacher for help if I need to.,I'll ask my friends in the class questions if I don't understand something. ,I'll pretend to be sick on the day of the class so I don't have to take the test. ,"I don't want to tell my parents about how difficult this class is, but decide to tell them anyways. ","I really don't want to study, but I know it will pay off on the test. ","You're working on your math homework with a few friends and get stuck on a problem. Your friend suggests that you find the answer online, but that's considered cheating on the assignment. ",https://drive.google.com/file/d/1PAvACeXH579tk-ffCyRpnh2h2crTstNu/view?usp=sharing,I can get great answers all on my own.,I think that this will be better if i don't cheat and actually learn the material. ,I'll get a bad grade if I don't cheat. ,"I feel like I may not get the best grade on the assignment, but at least I didn't cheat.","I feel like my teacher will not be okay with me getting wrong answers, but it is a part of learning. ",I'll feel so proud that I did the homework on my own if I don't cheat,I'll be pretty confident knowing I can do hard homework problems next time. ,I am upset at my friends wanting me to take the easy way out. ,"I'm nervous about attempting to do this problem on my own, but give it a try anyway.","I feel embarrassed about not wanting to cheat, but know my friends will look up to me if I don't. ",I can suggest doing the problem without cheating. ,I am enthusiastic about trying new ways to figure out the answer. ,I cheat off of my friend's homework.,"I want to cheat so that this assignment is done, but keep trying anyway. ","I am tempted to ask them what it said online, but decide not to. "
2,Social Situations,,Haloween Party,BBBS,Kaitlyn,Tylar/Emma,Tylar/Emma,,,Not doing well in math,"During tonight's parent-teacher conference, your guardian is going to talk to your math teacher. You're not doing well in math, and you haven't told your guardian this yet. ",https://drive.google.com/file/d/1jbig7acVpaxW8vRM72SXPqPyayenD4WK/view?usp=sharing,"I am a good student, and my teacher will tell my guardian that. ",My teacher will say good things about me trying hard to learn. ,I'm going to be in big trouble. ,"My guardian may ground me for doing badly in math, but I can handle it. ","My teacher will tell my guardian how I'm doing in the class, and I'll be OK with that. ",I'm glad my guardian cares enough to go talk to my teacher. ,I feel calm knowing that my guardian will love me no matter what my grade is. ,I'm worried about what my teacher will say to my guardian. ,"I feel anxious thinking about the conversation, but I can focus on my homework until my guardian gets home. ","I'm uneasy right now, but this feeling won't last forever. ",I won't hide in my room when my guardian gets home. ,I'll ask my teacher how to bring up my grade. ,I'll skip math tomorrow. ,"I want to avoid talking to my guardian, but know it's better to get it out of the way when they get home. ","I don't want to ask my teacher for help, but I know that if I do, that'll be best in the long run. ","You are invited to a Halloween party and you will only know a couple of people there. You decide to wear a really elaborate costume. When you arrive, everyone looks at you. ",https://unsplash.com/photos/a-couple-of-pumpkins-sitting-on-top-of-a-pile-of-leaves-jyNzof_f7RM,I think this costume is fun. ,Everyone will love this costume. ,No one likes my costume. ,"I may have worn something too goofy, but I like it. ","Maybe I should have toned it down, but know that this is true to myself. ",I feel happy wearing what I love.,I feel so liberated wearing something so fun. ,I'm worried that others are making fun of me behind my back. ,"I'm really embarrassed that I stand out so much, but honestly people will forget about it in a few minutes. ","I worry about what others are thinking, but realize that I'm allowed to wear what makes me happy.",I will smile and wear my outfit proudly.,I'll start dancing because there's great music on. ,I want to go to the bathroom and try to tone down what I'm wearing. ,"I want to start crying, but then remind myself I did a great job on this costume. ","I want to ask someone if my costume is too much, but decide not to ask for opinions. "
3,Social Media,Social Situations,Tagged in a Post,BBBS,Kaitlyn,Tylar/Emma,Tylar/Emma,,,Not doing well in math,"During tonight's parent-teacher conference, your guardian is going to talk to your math teacher. You're not doing well in math, and you haven't told your guardian this yet. ",https://drive.google.com/file/d/1jbig7acVpaxW8vRM72SXPqPyayenD4WK/view?usp=sharing,I have been trying really hard in that class. ,My guardian will be proud of me that I'm trying hard. ,My teacher will tell my parents I am not doing well. ,"My guardian may be upset, but that is something that I can understand. ","My parents will think I need some extra help, and I am okay with that. ",I feel happy that my guardian gets to learn about my progress. ,I'm feeling calm knowing that my guardian will accept me no matter what. ,I am nervous that my guardian will be let down by my progress. ,"I feel embarrassed that my guardian will learn about my lack of progress, but decide it is best for them to know. ","I feel bad that I am a bit behind, but realize these things happen. ",I take some deep breaths while my guardian is talking to my teacher. ,I'll ask my guardian for advice. ,I'll blame my grades on my teacher. ,"I will want to get upset, but decide to keep calm when my guardian gets home.","I may want to give up on math, but decide to keep trying because I need to pass this class.",You and your friends took some pictures together. You look through your feed and see that they tagged you in a post. You don't like how you look in the picture.,https://drive.google.com/file/d/1TW99TGQrF-cyS3woXSyf-S4UZPI3bO76/view?usp=sharing,I'm glad they posted a picture of all of us. ,I don't think anyone will notice how I look.,Others may point out how I look in the picture. ,"I don't think this is the best post, but am OK with that. ","I think that my friend could've posted a better picture, but I know they didn't really mean to put up a bad one of me. ",I feel happy it is a group photo. ,I'm proud of the outfit in the picture. ,I'm embarrassed by the face I'm making in the photo. ,"I'm annoyed that such a bad photo of me was posted, but remind myself that this isn't the end of the world. ","I feel like everyone else looks better than me, but realize that is irrational thinking.",I post a photo from a few weeks ago where I really like how I look. ,I tell my friend it was a good idea to post a picture of everyone.,I leave a comment about how embarrassed I am. ,"I want to pretend the picture doesn't exist, but decide it is fine. ","I want to ask my friends if they think I look okay, but decide I look fine on my own."
4,Health and Well-Being,,Grocery Store ,BBBS,Kaitlyn,Tylar/Emma,Tylar/Emma,,,Friends cheating,"You're working on your math homework with a few friends and get stuck on a problem. Your friend suggests that you find the answer online, but that's considered cheating on the assignment. ",https://drive.google.com/file/d/1B57SioWgGt6lz74ETNjrgZJ9Uv80r3RX/view?usp=sharing,I want to do this homework without cheating. ,"If I cheat, I actually won't learn the material for the test. ",My friends are going to laugh at me for saying I don't want to cheat. ,"I hate homework, but at least it will be over soon. ","My friends will make fun of me for saying I don't want to cheat, but I know I'll feel worse if I do look up the answers online. ",I'll be relieved when this homework is done. ,I'm happier doing homework with my friends than when I'm alone.,I'm kind of frustrated that my friend say we should just cheat. ,"I'm anxious that my friends will make fun of me, but if they do, I can handle it. ","I'm worried about my grade on the homework, but I know I'm trying my best. ",I decide that I won't cheat on this homework. ,I encourage my friends to try a little longer to work on this problem. ,I cheat to feel cool in front of my friends. ,"I kind of want to cheat so that my friends don't judge me, but I decide not to. ","I feel myself wanting to cheat, but know that I really value being honest and not cheating. ",You're at a new grocery store with your parents and you're looking for bread. Suddenly you notice that your heart is beating quickly and pounding. ,https://drive.google.com/file/d/1T4BD06ZyRs7SODT480X1dqX3juRS2F27/view?usp=sharing,I like the challenge of finding our favorite foods at this new store. ,I probably feel my heart beating because I'm excited to try this new store. ,I must be having a panic attack!,"My heartbeat is distracting me from looking for the bread, but it'll go away soon. ","I wonder if I'm really sick, but then tell myself that this feeling won't last forever. ",I'm happy that my parent finally brought me here. ,I'm excited to see what this new grocery store has. ,I'm terrified that my heart pounding means that I'm going to die. ,"I'm scared about this feeling in my chest, but know that it will pass. ","I'm nervous about my heart, but remember that sometimes my heart beats quickly when I'm excited. ",I ask my parent to help me find the bread. ,I notice the feeling in my chest and keep walking down the aisles. ,I ask my parent to take me to the hospital immediately. ,I notice my pounding heart and remind myself that this feeling doesn't necessarily mean anything is wrong with me. ,I can ask my parent about my beating heart if it happens again in the future. 
5,Family & Home Life,Social Situations,Loud Parent,BBBS,Erin,Tylar/Emma,Erin/Emma,,,Friends cheating,"You're working on your math homework with a few friends and get stuck on a problem. Your friend suggests that you find the answer online, but that's considered cheating on the assignment. ",https://drive.google.com/file/d/1B57SioWgGt6lz74ETNjrgZJ9Uv80r3RX/view?usp=sharing,I can get great answers all on my own.,I think that this will be better if i don't cheat and actually learn the material. ,I'll get a bad grade if I don't cheat. ,"I feel like I may not get the best grade on the assignment, but at least I didn't cheat.","I feel like my teacher will not be okay with me getting wrong answers, but it is a part of learning. ",I'll feel so proud that I did the homework on my own if I don't cheat,I'll be pretty confident knowing I can do hard homework problems next time. ,I am upset at my friends wanting me to take the easy way out. ,"I'm nervous about attempting to do this problem on my own, but give it a try anyway.","I feel embarrassed about not wanting to cheat, but know my friends will look up to me if I don't. ",I give suggest doing the problem without cheating. ,I am enthusiastic about trying new ways to figure out the answer. ,I cheat off of my friend's homework.,"I want to cheat so that this assignment is done, but keep trying anyway. ","I am tempted to ask them what it said online, but decide not to. ","Your parent is dropping you off at your sports practice. As they drop you off, they are really loud and everyone on your team looks at you. ",https://drive.google.com/file/d/1UqXuEcTizDd8KX-LxbOMQ2VyjFoQepZx/view?usp=sharing,I'm lucky to have a parent that supports my hobbies. ,I think about the drills that we might do today during practice. ,My teammates will think I'm such a loser because my parent is annoying.,"Even if my teammates heard my parent, they probably will forget about it soon. ","Lots of people have loud parents and my teammates might roll their eyes, but some will understand. ",I'm energized to find out what we learn today at practice. ,I'm happy that the sun is shining at it seems like a great day to be outside with my teammates. ,I'm ashamed that my parent is so loud. ,"I'm scared to face my friends, but remind myself that I can tolerate these feelings. ","I'm embarrassed that my parent seems like the only one. Then, I remember that another friend has a loud parent, and I don't judge that friend for her parent. ",I start warming up for practice. ,I smile at my friends as I get out of the car. ,I avoid making eye contact with anyone on my team. ,"I feel the urge to pretend I'm sick so I don't have to face my friends, but then push myself to face my fears and go to practice. ","I want to run away, but know that my teammates are counting on me to be at practice. "
6,Athletic,,Ice Skating,BBBS,Erin,Tylar/Emma,Erin/Emma,,,Group discussion,"Your teacher tells your class that tomorrow you'll divide into small groups to discuss the book you're reading. She also says that you'll have to pick your group, but you realize you don't have any close friends in the class. ",https://drive.google.com/file/d/1Vju0QZFxz9YAnRwbq5VtaZUA8cAek959/view?usp=sharing,I'll make good contributions to the group discussion. ,People will be happy to work with me. ,Everyone will pick through group before class and I won't be able to find a group. ,"If the other kids say I can't be in their group, I'll just ask another group. ",What if I make a comment that the group thinks is dumb? They'll probably forget what I said after class. ,I'm excited to work with new classmates. ,I'm curious if I'll make new friends. ,I'm worried that I won't get into a good group. ,"I feel anxious about not knowing who is going to be in my group, but everything will be OK tomorrow. ","I'm nervous about talking about this book with the other students, but I know that those feelings will eventually go away. ",I'll make sure that I understand what's going on in the book before tomorrow's class. ,"During class, I'll do my best to include everyone in our group conversation. ",I'll pretend to be sick and just won't go to school. ,"I'll want to skip class, but I'll go anyway and cope with feeling anxious. ","I'll ask others to be in their group, even if I really don't want to. ","Your friend enjoys ice skating and convinces you to try it out. At the rink you put on the skates and step on the ice. You glide forward slowly at first, then faster. ",https://drive.google.com/file/d/1TaiJqqIeJLoehbhpFDnGqT6px_nL3a8N/view?usp=sharing,I'm having so much fun skating!,I'm glad my friend invited me today. ,I'm going to falll over and get injured. ,"Even if I fall over, I'll probably be fine. ","Even if I fall, most people won't notice. ",I feel happy my friend invited me skating. ,It feels exhilerating to skate fast.,I feel terrified of falling over. ,"I'm a little nervous about falling over, but know I'm unlikley to get badly hurt. ","I'm anxious about wiping out, but know it happens to everyone at some point. ","I skate faster, enjoying the feeling of the cool air on my skin. ",I wave at my friend and skate over to them. ,I get off the ice and go sit down in the locker room. ,I cautiously hold on to the balence bar and skate towards my friend. ,I call my friend over and hold on to their arm for balence. 
7,Vocation,,Crying Baby,BBBS,Erin,Tylar/Emma,Tylar/Emma,,,Group discussion,"Your teacher tells your class that tomorrow you'll divide into small groups to discuss the book you're reading. She also says that you'll have to pick your group, but you realize you don't have any close friends in the class. ",https://drive.google.com/file/d/1Vju0QZFxz9YAnRwbq5VtaZUA8cAek959/view?usp=sharing,I'll meet the right group for me.,There are lots of nice kids in this class. ,No one will want to be in my group. ,"Everyone will decide they want to be with people they already know, but I understand that. ","No one will want to give me a chance, but I realize that there will be some people who will want to get to know me. ",I feel driven to put my best work in. ,I am excited to make new friends.,I am nervous no one will want to get to know me. ,"I feel sad that no one knows me that well, but feel better thinking they will like me once they do. ","I am scared I will end up alone, but know that there will be a group that needs an extra person. ",I will talk to people in class and ask to be in a group. ,I'll express how excited I am to get to know everyone. ,I'll go to the bathroom so that I don't have to ask anyone to be in their group. ,"I'll want to say I want to work alone, but give the group a try. ","I want to stay quiet, but decide to contribute. ","You are babysitting for a new family and one of their little kids won't stop crying. You feel yourself starting to panic, and you want to call the child's parents for advice. ",https://unsplash.com/photos/girl-covering-her-face-with-both-hands-VZILDYoqn_U,The parents will be glad I called. ,It will be such a relief to ask for help!,The parents will be so upset with me for ruining their evening. ,"Even if I disrupt their evening, the parents will probably still be glad I called","I think about how it will be stressful to call the parents, but it will probably be better in the long run. ",I feel relieved as I pick up the phone to call the parents. ,I feel proud of myself for asking for help. ,I feel like a failure because I couldn't stop the baby from crying. ,"I feel bad for having to call the parents, but I know they'd want me to. ","I feel a little insecure that I could't stop the child crying, but I'm still learning. ",I pick up the phone and dial the parents' number. ,I tell the child it is going to be okay. ,I try to ignore the child's crying. ,"I feel the urge to try to solve the problem on my own, but call the parents anyway. ","I am so fed up and want to ignore the child's crying, but know that helping them is the right thing to do. "
8,Climate,,Climate Change,BBBS,Kaitlyn,Tylar/Bethany,Tylar/Emma,,,Spilled slushie,"You and your friends are shopping at the mall. You go to the food court and get slushies, and accidentally spill your red slushie down the front of your new white shirt.",https://drive.google.com/file/d/16jJWf3eLYQiWH3-6BkyLghQMMaNLxJay/view?usp=sharing,I think about how many people this has probably happened to. ,I think about how my parents will get a kick out of this.,I think I will look sloppy in front of my friends. ,"It feels like my friends are judging me, but decide they probably don't really care. ","I am getting a lot of stares, but it could be that they think the slushie looks good.",I feel lucky I didn't drop the whole slushie. ,I'm confident my parent will be able to get the stain out.,I feel like a fool and want to say sorry. ,"I'm mad that I wasted my money, but know that I'll be ok. ","I'm embarrassed that I have this huge stain on my white shirt, but probably no one else cares. ",I laugh with my friends about my spill. ,I clean up and keep shopping. ,I stay silent the rest of the time we're shopping. ,"I want to go home, but stay at the mall. ","I feel like crying, but take a deep breath and keep shopping with my friends. ","Walking past a patch of dead wildflowers, you suddenly imagine whole ecosystems collapsing. You picture birds and insects disappearing forever",https://unsplash.com/photos/dried-wildflowers-in-front-of-a-blurred-river-background-rmePkMvQDio,So many people are working hard to prevent ecosystems from collapsing,It is never too late to start fixing the enviornment. ,Our planet is doomed. ,"We might have done some damage to our ecosytem, but that's no excuse to stop trying to make it better. ","Enivornmental damage is scary, but many species recover when given time and protection. ",I feel hopeful thinking about preservation efforts around the globe. ,I feel energized to contribute to climate activism in my own community. ,I feel hopeless about fixing our dying planet. ,"I feel overwhelmed by the scale of the problem, but remind myself that this feeling doesn't require immediate resolution.","I feel grief about environmental loss, but let myself sit with that rather than push it away.",I look up a local conservation or planting initiative when I get home.,I pause and observe what life is still present around the flowers.,I spend the rest of the walk spiraling through extinction statistics I've read.,"I want to pull out my phone and read climate news to confirm my fears, but choose to stay present instead.
","I feel the urge to tell someone how doomed everything is, but decide to process the feeling before unloading it."
9,General,,The Spider,BBBS,kaitlyn,Tylar,Tylar/Emma,Tylar,,Shattered glass,"You are at a quiet restaurant with a lot of your family members for dinner. While taking a drink of your water, you accidently drop the glass on the floor and it shatters.",https://drive.google.com/file/d/1huKsrt0vscJdYRLnIRD8v8_YgIjZl1Tm/view?usp=sharing,I'm sure this has happened to other people.,I think about how I will help clean this up. ,I think I must be the most clumsy person on the planet. ,"My parents might be embarrassed by me, but I know that it really isn't a big deal. ","I think the waitress will be annoyed, but think about how this moment will pass. ",I'm confident that the waitress will accept my apology.,I'm happy to be eating with my family. ,I'm embarrassed that I drew attention to myself. ,"I'm annoyed at myself, but know that people will forget about the broken glass. ","I feel guilty about having broken a glass, but know that I didn't do it on purpose. ",I ask if I can help clean up.,I apologize to the wait staff and thank them for their help. ,I run to the bathroom so I don't have to talk to the waiter. ,"I want to cry, but take a deep breath and remind myself that this happens. ","I want to leave the restaurant, but stay and have a good time. ","As you're getting into the shower, you see a huge spider on the wall. You turn away for a second and look back and realize it's gone. ",https://drive.google.com/file/d/10k3R6n3_2r94o4HZFfSEgvZa1ScSQX6r/view?usp=sharing,I'm glad it's gone. ,I think it went back to it's home.,It's going to crawl on me!,"I think about how it could bite me, but decide it probably won't.","I think about how it could be venomous, but realize the chances of that are slim. ",I'm curious where it went. ,I'm calm as I get into the shower. ,I'm scared the spider will show up when I least expect it. ,"I'm anxious about getting into the shower, but know I can overcome my fear. ","I'm grossed out, but remind myself that the spider probably can't hurt me. ",I decide to turn the water on. ,I start to play some music. ,I scream and run away. ,"I want to call someone to help me find the spider, but decide to just take my shower. ","I want to spray bug spray everywhere, but decide to go about my bathroom routine."
10,Relationships,,Texting your Crush,BBBS,Erin,Tylar,Erin/Emma,Tylar,,Shattered glass,"You are at a quiet restaurant with a lot of your family members for dinner. While taking a drink of your water, you accidently drop the glass on the floor and it shatters.",https://drive.google.com/file/d/1huKsrt0vscJdYRLnIRD8v8_YgIjZl1Tm/view?usp=sharing,I think about how everyone sometimes has clumsy moments. ,People in my family have dropped stuff at restaurants in the past. ,I have to be an embarrassment. ,"The waiter will be irritated, but I'll apologize and offer to help clean up.","I think about how my family may be annoyed, but I can handle that. ",I'm able to stay calm. ,I'm happy that the waiter doesn't seem to mind that much. ,I have a knot in my stomach after the whole restaurant looked at me. ,"I'm embarrassed that I dropped the glass, but know that people drop things all of the time. ","I feel bad, but remind myself that I'll forget about this in a few days. ",I offer to leave extra money for the tip. ,"I offer to do extra chores at home, so money can be left to replace the glass. ",I cry because I feel terrible. ,"I want to never come back to the restaurant, but will say yes to coming back if my family wants to come back. ","I want to cry, but decide that would not be helpful. ","You send a text to your crush you rewrote three times before hitting send. Minutes pass, and you see they're active but haven't replied.",https://unsplash.com/photos/a-person-holding-a-cell-phone-with-social-media-on-the-screen-0I21xHfgw0E,They're probably busy and will reply when they get a chance.,I'm proud of myself for sending the message at all.,They saw my text and are ignoring me on purpose. ,"I keep checking my phone, but remind myself that their activity status doesn't tell me anything about their intentions.","Part of me wants to assume the worst, but I know I'm probably filling in blanks that aren't there.",I feel proud that I was brave enough to reach out,I feel hopeful that they'll respond positively.," I feel humiliated, like I've already been rejected.","I feel anxious watching the clock, but remind myself that a few minutes is not a long time.","I feel a wave of regret about sending the text, but acknowledge that I had good reasons to send it.",I put my phone down and return to something I was doing.,I text a friend to distract myself while I wait.,"I send a follow-up text saying ""sorry, ignore that.""","I want to check their profile repeatedly for clues, but close the app instead.","I start drafting an explanation text, but stop myself and decide to wait for their response first."
11,Milestones,Social Media,No Smartphone,BBBS,kaitlyn,Tylar,Erin/Emma,Kaitlyn,,Halloween party,"You are invited to a Halloween party and you will only know a couple of people there. You decide to wear a really elaborate costume. When you arrive, everyone looks at you. ",https://drive.google.com/file/d/1t_00NWomSsqhPeinAZhZcyx6Fzcn3uZD/view?usp=sharing,This is the best costume I've ever worn. ,I'm enjoying wearing this. ,The other kids are judging me for wearing this costume. ,"I really stand out, but I think that's OK tonight. ","I think that I made a huge mistake by wearing this, but realize that it's OK to wear what I want. ",I'm excited to show off this costume. ,I'm proud of myself for wearing something that I love. ,I feel really awkward while everyone stares at me. ,"I'm really anxious, but this feeling will pass. ","I'm worried that others are making fun of me, but if they are, that's their fault for judging me. ",I walk up to some friends and start a conversation. ,I'll post a picture of myself in this costume because I look great. ,I'll leave the party immediately. ,"I want to change into something else, but decide to wear what I came in. ","I want to throw this costume away and never think of tonight again, but then remember that my friend complimented me earlier on it. ","Everyone else at your high school as a smartphone, but your parents haven't allowed you to get one yet. You get anxious thinking about the conversations and experiences you might be missing out on, and worry that your friends will leave you behind.",https://unsplash.com/photos/a-group-of-children-sitting-on-the-steps-of-a-house-KZm5VZawQfo,My friends know my situation and still choose to spend time with me.,Not having a phone means I'm more present in face-to-face conversations than most people my age.,My friends are making memories and inside jokes right now that I'll never be part of.,"I keep thinking everyone is drifting away from me, but I know that fear is bigger than the actual evidence.
","I feel like I'm already being left behind, but remind myself that friendships aren't only built over text.",I feel proud that I can handle something most of my peers would find unbearable.,I feel closer to the friends I do get to see in person regularly.,"I feel embarrassed and ashamed, like there's something wrong with my family or with me.","I can feel lonely about being out of the loop, and let myself acknowledge that without catastrophizing it.","I feel resentful toward my parents, but try to recognize they have reasons even if I disagree with them.",I make plans to hang out with friends in person so I stay connected on my own terms., I talk to my parents calmly about how the situation affects me socially.,"I tell my friends how left out I feel so often that it starts to push them away.
","I want to sneak onto a friend's phone to scroll through everything I've missed, but decide that would only make the anxiety worse.","I feel the urge to beg or bargain with my parents in the moment, but choose to wait and bring it up in a real conversation instead."
12,Academic,Social Situations,Group discussion,BBBS,Kaitlyn,Tylar,Erin/Emma,,,Halloween party,"You are invited to a Halloween party and you will only know a couple of people there. You decide to wear a really elaborate costume. When you arrive, everyone looks at you. ",https://drive.google.com/file/d/1t_00NWomSsqhPeinAZhZcyx6Fzcn3uZD/view?usp=sharing,I think this costume is fun. ,Everyone will love this costume. ,No one likes my costume. ,"I may have worn something too crazy, but I like it. ","Maybe I should have toned it down, but know that this is true to myself. ",I feel happy wearing what I love.,I feel so liberated wearing something so fun. ,I'm worried that others are making fun of me behind my back. ,"I'm really embarrassed that I stand out so much, but honestly people will forget about it in a few minutes. ","I worry about what others are thinking, but realize that I'm allowed to wear what makes me happy.",I will smile and wear my outfit proudly.,I'll start dancing because there's great music on. ,I want to go to the bathroom and try to tone down what I'm wearing. ,"I want to start crying, but then remind myself I did a great job on this costume. ","I want to ask someone if my costume is too much, but decide not to ask for opinions. ","Your teacher tells your class that tomorrow you'll divide into small groups to discuss the book you're reading. She also says that you'll have to pick your group, but you realize you don't have any close friends in the class. ",https://drive.google.com/file/d/1kLdCzytZVknMz1nip8QkWoYf79VETyE4/view?usp=sharing,I'll meet the right group for me.,There are lots of nice kids in this class. ,No one will want to be in my group. ,"Everyone will decide they want to be with people they already know, but I understand that. ","No one will want to give me a chance, but I realize that there will be some people who will want to get to know me. ",I feel driven to put my best work in. ,I am excited to make new friends.,I am nervous no one will want to get to know me. ,"I feel sad that no one knows me that well, but feel better thinking they will like me once they do. ","I am scared I will end up alone, but know that there will be a group that needs an extra person. ",I'll find a few other people who don't have a group and make one with them. ,I will talk to people in class and ask to be in a group. ,I'll go to the bathroom so that I don't have to ask anyone to be in their group. ,"I'll want to say I want to work alone, but give the group a try. ","I want to stay quiet, but decide to contribute. "
13,Social Situations,,Using the bathroom,BBBS,Erin,Tylar,Erin/Emma,Kaitlyn,,Using the restroom,"You are hanging out at your friend's house and go to use the restroom. When you reenter the room your friends are in, they stop their conversation and it's silent. ",https://drive.google.com/file/d/1fiU4LXhMtwbHsk-TL8j4fPXdxTFpO-rz/view?usp=sharing,I looked good in the mirror on my way out of the bathroom. ,My hair looks great today. ,I must look silly.,Could they hear me going to the bathroom? That's really unlikely. ,"They've been talking about me. Even if that's the case, it doesn't mean it was bad. ",I'm so happy to be spending this time with this group. ,I'm feeling excited about hearing what they were talking about,I feel targeted because everyone is looking at me. ,"I'm worried that they were talking about be. But, realistically they probably weren't. ","I'm anxious about what they were saying. However, they're probably quiet because I startled them. ",I'll make a joke with my friends. ,I'll ask what they were talking about in a nice way. ,I ask them defensively why they are so quiet. ,"I want to go back into the bathroom forever, but I'll face my friends. ","I want to leave immediately, but I'll go back to my friends. ","You are hanging out at your friend's house and go to use the restroom. When you reenter the room your friends are in, they stop their conversation and it's silent. ",https://drive.google.com/file/d/19rWNW0WiEsLb6g9CAoMm1T80X6CHgrMa/view?usp=sharing,I think I must have made a big entrance. ,Everyone must be noticing my new outfit. ,Everyone is talking about me. ,Do my friends have something bad to tell me? That's just me overthinking. ,"They must have something to tell me, it doesn't mean it's negative. ",I'm thankful for the friends that I have. ,I am interested to join in on the conversation. ,I feel defensive. ,"I'm worried that they could hear me in the bathroom, but then remember that everyone uses the bathroom so it isn't a big deal.","I am uncomfortable being around them, but I know that these are my close friends and start to calm down. ",I'll smile at all of them. ,I'll wave my hands in a grand gesture. ,I'll give them a weird look. ,"I want to head home early, but decide to stay as long as everyone else. ","I'll want to text on my phone to avoid talking to them, but remain engaged with my friends. "
14,Social Media,Social Situations,Messaging Crush,BBBS,Erin,Kaitlyn/Tylar,Tylar/Emma,Erin,,Using the restroom,"You are hanging out at your friend's house and go to use the restroom. When you reenter the room your friends are in, they stop their conversation and it's silent. ",https://drive.google.com/file/d/1fiU4LXhMtwbHsk-TL8j4fPXdxTFpO-rz/view?usp=sharing,I think I must have made a big entrance. ,Everyone must be noticing my new outfit. ,Everyone is talking about me. ,Do my friends have something bad to tell me? That's just me overthinking. ,"They must have something to tell me, it doesn't mean it's negative. ",I'm thankful for the friends that I have. ,I am interested to join in on the conversation. ,I feel defensive. ,"I'm worried that they could hear me in the bathroom, but then remember that everyone uses the bathroom so it isn't a big deal.","I am uncomfortable being around them, but I know that these are my close friends and start to calm down. ",I'll smile at all of them. ,I'll wave my hands in a grand gesture. ,I'll give them a weird look. ,"I want to head home early, but decide to stay as long as everyone else. ","I'll want to text on my phone to avoid talking to them, but remain engaged with my friends. ",You've been talking to your crush on Snapchat and they're usually quick to respond. You see that they opened your message a couple of hours ago and did not respond. ,https://unsplash.com/photos/white-samsung-android-smartphone-on-brown-wooden-table-kLmt1mpGJVg,My crush must have a lot to do today. ,My crush will get back to me when they have time. ,My crush will never respond to me. ,"Maybe I'm annoying my crush, but they also might be busy.","If my crush likes someone else and not me, I won't like it, but I can handle it. ",I'm eager to hear back. ,I feel happy with my ability to send fun messages. ,I'm sad that my crush didn't message back immediately. ,"I'm worried this has something to do with me, but realize this person has a lot of other things going on in their life. ","I'm sad that my crush didn't respond quickly, but know that I won't feel sad forever. ",I message other friends. ,I focus on other important things to do today.,I block my crush on the app and will never talk to them again. ,"I want to remove them from my phone, but realize that would be dramatic. ","I want to send a bunch of messages to this person, but instead call my friends to hang out. "
15,Health and Well-Being,,Laughing at a Joke,,,,,,,,,,,,,,,,,,,,,,,,,"A friend tells a funny joke and you start to laugh really hard. While you're laughing, you feel an uncomfortable tightness in your chest that you've never felt before.  ",https://drive.google.com/file/d/15agangk5vXkQeYKwwWVIGwaxXmVfBatZ/view?usp=sharing,I've never laughed that hard. ,That's the funniest joke I've ever heard.,I can't catch my breath!,"This tightness is really uncomfortable, but it'll go away soon. It must have been from laughing really hard. ","I wish this feeling in my chest would go away, but I can stand it until it does. ",I love it when my friends make me laugh. ,I'm shocked that my friend is that funny!,I'm really scared about what this feeling means. ,"I'm nervous about why my chest is tight, but it'll go away. ","I'm anxious that this feeling means something's wrong with me, but then remind myself that it's probably from laughing really hard. ",I take a deep breath and remember the joke for later. ,I notice the feeling in my chest and tell my friend that's the best joke I've ever heard. ,I immediately start to look up online what this feeling means. ,"Even though it isn't easy, I tell myself that this tight feeling will go away. ","I want to go be alone and figure out why I'm feeling so bad, but remind myself that this tightness is probably from laughing and it will go away. "
16,Family & Home Life,Social Situations,Strong Opinions,BBBS,Erin,Kaitlyn,Tylar/Emma,Erin,,Walking up stairs,"You are meeting with your teacher. To make it on-time, you just walked up two flights of stairs quickly, and feel your heart beating very rapidly.",https://drive.google.com/file/d/1Ov4_xFiqnjvKNN5Un7xhg3L3BWieCiaz/view?usp=sharing,I am excited for the meeting. ,I made it up those stairs really quickly. ,Am I having a heart attack? ,"I wonder about all the reasons I could be so out of breath, but decide it is normal when rushing to a meeting. ","I wonder if my teacher will notice how out of breath I am, but decide it is okay if she does notice. ",I'm happy I made the meeting on time. ,I'm feeling excited now that my blood is pumping. ,I'm worried that there's something really wrong with me. ,"I feel embarrassed about being out of breath, but decide to listen to what my teacher has to say. ","I'm panicking a little about whether I'm going to be ok, but remind myself that it's normal to feel out of breath after walking up a bunch of stairs. ",I take a few deep breaths. ,I take a few sips from my water bottle. ,I start looking up symptoms of a heart attack online to see if I'm dying. ,"I feel the urge to tell my teacher that something's really wrong with me, but remind myself that I'm actually OK. ","I tell myself that I'm so nervous about this meeting that my heart is beating quickly, but remind myself that it's actually just my body's reaction to coming up the stairs quickly. ","Your family members have some strong opinions and you don't always agree with them. One evening, you invite a friend over for dinner. ",https://drive.google.com/file/d/1kN3TEvImWh_CpnW4XOhSkjsEw2n4qXOY/view?usp=sharing,I think I am smart for thinking on my own. ,My friend will be my friend no matter what my parents think. ,My parents will say something that makes my friend hate me.,"Even if my parents say something that's upsetting, my friend and I can talk about it later.","If my parents say things that I don't agree with, they're still my parents and I love them. ",I'm happy to have my friend over for dinner. ,I'm calm as we sit and eat dinner together.,I'm worried that my parents will say something embarrassing.,"I'm scared that my parents will say something offensive, but know that I can get through this dinner no matter what. ","I'm concerned that my friend will judge me for what my parents do at this dinner, but know that I can talk to my friend about it. ",I smile as my friend and my parents talk. ,I practice my active listening skills. ,I start thinking about all of the homework that I have to do so that I don't have to listen to what my parents say.,"I want to tell my parents not to say anything embarrassing in front of my friend, but take a deep breath instead. ","I want to tell my friend that my parents might say something that I don't agree with, but remind myself that my friend will be nice to me no matter what my parents say. "
17,Athletic,Social Situations,Mile Run,BBBS,Kaitlyn,Erin/Bethany,Erin/Emma,,,Presentation in class,"You have to give a presentation in your international language class today. When you stand up in front of the class, you feel your cheeks get hot and your hands start to tremble.",https://drive.google.com/file/d/1_2rE9XRzKQTqhk0TQjBqftLX-RvYtkqL/view?usp=sharing,It's normal to feel a little warm when you're anxious about presenting. ,I've done everything I can to prepare for this presentation. ,Everyone will see that my hands are shaking. ,"I want to sit back down, but decide t go forward with the presentation. ","I want to cover my face, but stand up tall and present anyway.",I'm relieved to get this presentation over with. ,I'm happy with how much I've prepared for this presentation. ,I'm worried that I'm going to pass out. ,"I'm nervous that people can see my hands shaking, but they probably won't be able to see from where they're sitting. ","I'm scared that my cheeks feeling hot means that I'm going to faint, but I'll probably be OK and this feeling will pass. ",I smile at the class and start my presentation. ,I speak with a strong tone.,I ask the teacher if I can present another day. ,"I want to go to the bathroom and splash my face with water, but decide to power through. ","I consider pretending that I'm sick so I don't have to present, but challenge myself to give the presentation anyway. ","Your whole class has to run the mile during gym class. As you are running outside in the crisp fall air, you can't help but notice how much slower you are than the other people in your class.",https://unsplash.com/photos/a-group-of-people-running-on-a-track--JN7mbAnROs,"Nobody is paying attention to my run time, only their own. ","Everyone has different strengths, and running just isn't mine right now.
",Everyone is watching me fall behind and judging me for it.,"I keep thinking I look pathetic out here, but most people are too focused on their own run to notice me.","I feel like I should just give up and walk, but I know I'll feel better about myself if I keep going.","I feel glad to be outside and moving, even if I'm not the fastest.
",I feel a small sense of accomplishment with every lap I finish.,I feel humiliated watching person after person pull ahead of me.,"I feel self-conscious and exposed, but remind myself that one gym class doesn't define my worth.","I feel a flash of envy toward the faster runners, but let it pass without dwelling on it.",I focus on keeping a steady pace and controlled breathing for myself.,"I make a mental note to start running a little outside of school just for myself.
","I loudly make excuses to nearby classmates about why I'm so slow.
","I want to fake an injury to get out of finishing, but decide to cross the line on my own two feet.","I feel the urge to compare my time to others afterward, but choose not to ask around."
18,Vocation,Social Situations,Friend's Allowance,BBBS,Kaitlyn,Erin/Allie/Bethany,Erin/Emma,,,New grocery store,You're at a new grocery store with your parent and you're looking for bread. Suddenly you notice that your heart is beating quickly and pounding. ,https://drive.google.com/file/d/1ZAftU_pXDRMyfkE86fy5U3rPg0tTi1hz/view?usp=sharing,This store is really different from the one we usually go to. ,My heart must be pounding because I'm excited about this new store. ,I'm going to have a heart attack!,"Even if this feeling in my chest is really uncomfortable, I know it will going away soon. ","I wonder if there's something wrong with my heart, but then tell myself that I'm probably fine. ",I'm excited to be in a new store. ,I'm happy trying finding our favorite foods in a new place.,I'm scared that my heart beating like this means something bad. ,"I'm worried about my heart, but then remind myself that it's going to be OK. ","I'm nervous about my health, but realize that my heart is probably beating because I'm excited to be somewhere new. ",I ask an employee where the bread is. ,I notice the feeling in my chest and keep looking for the bread. ,I stop walking around and start to cry. ,I notice my beating heart and remind myself that I'm going to be ok. ,"I tell myself that if this happens again, I'll ask my parent about it. ","A group of your friends are talking about getting allowance from their parents. Your parents can't afford to give you an allowence, and you have to work a job after school to make money. ",https://unsplash.com/photos/focus-photography-of-person-counting-dollar-banknotes--8a5eJ1-mmQ,I'm building real work experience and responsibility that most people my age don't have yet.,"My situation is different from my friends', but different doesn't mean worse.",My family is an embarrassment compared to everyone else's.,"I worry that my friends would judge me if they knew the truth, but I don't actually have evidence they would.","Part of me wants to resent my parents for putting me in this position, but I know they're doing their best.",I feel a genuine sense of pride in the money I earn myself.,I feel more independent than I probably would if I just received an allowance.,I feel ashamed of my family's financial situation and want to hide it.,"I feel a sting of envy listening to my friends talk about their allowances, and let myself acknowledge that without acting on it.","I feel left out of the conversation, but remind myself that this moment doesn't reflect my overall place in the friend group.",I steer the conversation toward something everyone can relate to.,I remind myself later of something I bought or did with money I earned on my own,I lie and invent an allowance amount so I fit into the conversation.,"I want to leave the conversation abruptly, but stay and let it run its course instead.","I feel the urge to pretend I also get an allowance, but choose to stay quiet instead. "
19,Climate,Social Media,Climate Protest,BBBS,Kaitlyn,Erin\Bethany,Erin/Emma,,,New grocery store,You're at a new grocery store with your parent and you're looking for bread. Suddenly you notice that your heart is beating quickly and pounding. ,https://drive.google.com/file/d/1ZAftU_pXDRMyfkE86fy5U3rPg0tTi1hz/view?usp=sharing,I like the challenge of finding our favorite foods at this new store. ,I probably feel my heart beating because I'm excited to try this new store. ,I must be having a panic attack!,"My heartbeat is distracting me from looking for the bread, but it'll go away soon. ","I wonder if I'm really sick, but then tell myself that this feeling won't last forever. ",I'm happy that my parent finally brought me here. ,I'm excited to see what this new grocery store has. ,I'm terrified that my heart pounding means that I'm going to die. ,"I'm scared about this feeling in my chest, but know that it will pass. ","I'm nervous about my heart, but remember that sometimes my heart beats quickly when I'm excited. ",I ask my parent to help me find the bread. ,I notice the feeling in my chest and keep walking down the aisles. ,I ask my parent to take me to the hospital immediately. ,I notice my pounding heart and remind myself that this feeling doesn't necessarily mean anything is wrong with me. ,I can ask my parent about my beating heart if it happens again in the future. ,"While scrolling social media, you notice classmates posting photos from a climate protest you didn’t attend. You start questioning whether your actions seem too small by comparison. ",https://unsplash.com/photos/people-gathered-outside-buildings-holding-climate-justice-now-signage-dYZumbs8f_E,"There are many ways to contribute to causes I care about, and protesting is just one of them.",The fact that I'm thinking critically about my impact means I genuinely care.,I'm a hypocrite for caring about climate change but not showing up.,"I feel like everyone can see I wasn't there and is silently judging me, but that's not how other people spend their time.","I keep measuring myself against what my classmates posted, but a curated feed is a poor measuring stick for real-world impact.",I feel inspired seeing peers take action and want to channel that energy somewhere useful.,I feel genuine admiration for my classmates for showing up.,I feel like a fraud — as though my concern for the environment is meaningless if I'm not visible about it.,"I feel a wave of guilt, but sit with it long enough to ask whether it's pointing me toward something constructive.","I feel defensive about my choices, but resist the urge to justify myself to people who weren't even asking.",I look into upcoming local events or other ways to get involved on my own terms.,I reach out to a classmate who attended to hear about their experience.,"I post something performative online to signal that I care, without any real intention behind it.","I want to keep scrolling until the guilt fades, but put my phone down instead.","I feel the urge to minimize what my classmates did to make myself feel better, but choose to let their effort stand on its own."
20,General,,Babysitting ,BBBS,Kaitlyn,Erin/Bethany,Erin/Emma,,,Laughing at a joke,"A friend tells a funny joke and you start to laugh really hard. While you're laughing, you feel an uncomfortable tightness in your chest that you've never felt before.  ",https://drive.google.com/file/d/1K45MgxXqPYoGwF_Ck9c26oX8B4Q6Oafv/view?usp=sharing,That must have been a really funny joke. ,I have never laughed that hard at a joke my friend has told. ,I can't breathe!,"This tightness is kind of scary, but it must be from laughing really hard. It will go away soon. ","I really don't like this feeling, but I can tolerate it. ",I'm happy that my friends are so funny. ,I'm so surprised by that joke!,I'm terrified by the tightness in my chest. ,"I'm worried about the tightness in my chest, but I think it will go away soon. ","I'm anxious about this feeling in my chest, but I know it's just from laughing really hard. ",I take a deep breath and tell my friend that was a good joke. ,I notice the feeling in my chest and take a sip of water. ,I start to panic that I'm having a heart attack. ,"Even though it's hard, I tell myself that this feeling will pass. ","I want to yell at my friends to be quiet so that I can focus on the tightness in my chest, but decide not to and tell myself that I'll be OK. ",You are babysitting a younger kid in your neighborhood and you're watching TV while they sleep. It's dark outside and you suddenly hear noises against the window. ,https://drive.google.com/file/d/1Dx-ReVpT6gPDekwpHvZEiOkEI_MehimC/view?usp=sharing,There are lots of noises at night. ,It is quieter at night so it's easier to hear lots of things. ,I wonder if I'm in danger. ,"My brain immediately thinks that there's a monster outside, but I remind myself that I'm probably safe. ","I picture something trying to get me, but then tell myself that it was most likely the wind on the window. ",I'm curious what I'll buy myself after I get paid for babysitting.,I'm happy that my favorite show is on TV.,I feel worried that something is looking into the window.,"It makes sense that I was scared at first, but remind myself that I'm probably safe.","My heart is beating a little faster than it was before I heard the noise, but know that it'll go back to normal soon. ",I put on a funny movie. ,I decide to play some of my favorite music. ,I call my parents and start crying. ,"I feel the urge to cover myself with a blanket, but tell myself that it was probably nothing outside.","I want to call the parents to have them come home soon, but tell myself that I can face my fear and that the anxiety will go away."
21,Relationships,Social Media,Liking Old Post,BBBS,Kaitlyn,Erin/Bethany,Erin/Emma,,,Laughing at a joke,"A friend tells a funny joke and you start to laugh really hard. While you're laughing, you feel an uncomfortable tightness in your chest that you've never felt before.  ",https://drive.google.com/file/d/1K45MgxXqPYoGwF_Ck9c26oX8B4Q6Oafv/view?usp=sharing,I've never laughed that hard. ,That's the funniest joke I've ever heard.,I can't catch my breath!,"This tightness is really uncomfortable, but it'll go away soon. It must have been from laughing really hard. ","I wish this feeling in my chest would go away, but I can stand it until it does. ",I love it when my friends make me laugh. ,I'm shocked that my friend is that funny!,I'm really scared about what this feeling means. ,"I'm nervous about why my chest is tight, but it'll go away. ","I'm anxious that this feeling means something's wrong with me, but then remind myself that it's probably from laughing really hard. ",I take a deep breath and remember the joke for later. ,I notice the feeling in my chest and tell my friend that's the best joke I've ever heard. ,I immediately start to look up online what this feeling means. ,"Even though it isn't easy, I tell myself that this tight feeling will go away. ","I want to go be alone and figure out why I'm feeling so bad, but remind myself that this tightness is probably from laughing and it will go away. ","You are scrolling on your crush's instagram and accidentally like an old photo.You immediately feel embarrassed and unlike the photo, but know your crush will still get the notification.",https://unsplash.com/photos/person-holding-black-android-smartphone-vj3nOtiX85Y,This happens to almost everyone at some point. ,"If my crush brings it up, it could actually open a door to talking to them.",My crush now knows I was deep in their profile and thinks I'm a stalker.,"I keep replaying it and imagining their reaction, but I have no idea how they actually feel about it.","Part of me wants to believe this has ruined everything, but realistically one notification rarely changes how someone sees you.",I feel a flicker of humor about how silly the situation is.,I feel relieved that I unliked it quickly even knowing the notification went through.,I feel mortified to the point where I want to avoid my crush entirely.,"I feel a rush of panic and embarrassment, but let it pass without letting it ruin my whole day.","I feel exposed and vulnerable, but remind myself that interest in someone isn't something to be ashamed of.",I laugh it off with a friend and move on with my day.,I decide to use it as a nudge to actually reach out to my crush directly.,"I block my crush in a panic so they can't see my profile.
","I want to send a rambling explanation text, but decide that would draw far more attention to it than the like itself.","I feel the urge to delete my entire account, but close the app and step away instead."
22,Milestones,Social Situations,First Kiss,BBBS,Kaitlyn,Erin/Tylar,Tylar/Emma,,,Cute peer on social media,"You met a cute peer in one of your classes. After school, you notice that they started following you.",https://drive.google.com/file/d/1PNlqc0Jg4bm9KOsakVSsKmJDaQwqLGrB/view?usp=sharing,I think they want to get to know me.,I think it's flattering.,They're probably making fun of my pictures. ,"I bet they'll stop following me after they see what I post. But, they probably won't actually unfollow me.","I think they may not like my profile, but decide they probably won't put that much thought into it. ",I feel flattered that they wanted to follow me. ,I feel energized by the add. ,I wonder if the add was an accident. ,"I feel curious about the reason they added me, but realize it is just because they wanted to. ","I feel worried about what they think of me, but know that I can deal with not knowing. ",I add more fun pictures. ,I talk to my mom about how excited I am.,I unfollow the people that they might not like. ,"I want to message them and ask about the add, but decide to not put much thought into the add.","I want to gossip about the add to my friends, but decide to stay modest. ","You’re the only one in your friend group who hasn’t had your first kiss. When your friends talk about their experiecnes, you feel embarassed and left out",https://drive.google.com/file/d/1yy8CBLHrOHaU2eY5mJeiYgX7Ci1nmrJt/view?usp=sharing,"Everyone reaches these milestones at their own pace, and timing doesn't reflect my worth or likability.","When it does happen for me, it will feel meaningful rather than rushed.",Something must be fundamentally wrong with me if everyone else has reached this milestone and I haven't.,"Even if my first kiss happens later than other people's, it doesn't mean anything is wrong with me. ","I keep telling myself I'll never catch up, but I know that's anxiety talking rather than reality.",I feel glad to have friends who are open enough to share personal experiences with me.,I feel secure enough in myself to know this is just one small part of a much bigger picture.,"I feel like an outsider in my own friend group, as though I'm watching everyone else grow up without me.","I feel a genuine sting of embarrassment during the conversation, but let it pass without letting it define how I see myself.","I feel envious of my friends' experiences, and acknowledge that feeling without acting out of it.",I stay engaged in the conversation and ask questions. ,I tell my friends that I'm excited to have my first kiss in the future. ,I make up a story about a first kiss to avoid feeling left out.,"I want to change the subject abruptly in a way that signals my discomfort, but let the conversation run its natural course instead.","I feel the urge to go home and fixate on what's wrong with me, but push myeslf to stay and be present. "
23,Academic,,Missing Homework ,BBBS,Erin,Kaitlyn/Bethany,Erin/Emma,,,Not a lot of likes,"You post something different from what you normally post. After a couple of hours, you only have about half the number of likes on your post compared to what you normally have. ",https://drive.google.com/file/d/1828HR7oyHuDJpNFSn5JmLlYAZ24vA7x7/view?usp=sharing,Everyone must be really busy. ,I am impressed with my post.,I think everyone is tired of my posts. ,"I think people think it's a dumb post, but decide not to give that a second thought. ","I think everyone thought that post was boring, but I can sit with that. ",I'm amused with my post. ,I feel happy to be trying new things. ,I'll never post anything again. ,"I'm embarrassed that no one liked what I posted, but then remember that the number of likes I get doesn't really matter. ","I feel like no one likes my creative post, but I'm able to tolerate it. ",I post another unique post the next day. ,I don't let the number of likes get me down and go about my day. ,I dwell on the post and sulk. ,"I sit and check the number of likes, but decide to go out and enjoy the day. ","I want to delete my post, but remind myself that it doesn't really matter how many likes it gets. ","Your teacher asks you to turn in your homework at the beginning of class. Your homework isn't in your bag, where you put it last night.",https://unsplash.com/photos/a-person-putting-a-bag-inside-of-a-bag-8KbcCrc0J6s,"I know I did the work, and my teacher will believe me if I explain honestly.",One missing assignment won't define my grade or how my teacher sees me overall.,My teacher will think I'm lying about having done it and will never trust me again.,"I'm embarrased that I lost my homework, but know my teacher will probably understad. ","I want to blame myself harshly for being irresponsible, but I know that won't help. ",I feel calm enough to remember that mistakes like this are not a big deal.,I feel confident that my overall track record speaks for itself., I feel a wave of shame so intense it's hard to speak up when my name is called.,"I feel anxious about how my teacher will react, but breathe through it rather than shutting down.
","I feel frustrated with myself, but let that feeling exist without turning it into a full spiral.","I approach my teacher calmly, explain the situation honestly, and ask if I can submit it tomorrow.",I retrace my steps mentally and check if it might still be somewhere in my bag or binder.,I say nothing and hope my teacher doesn't notice my name wasn't on the pile.,"I want to make up an elaborate excuse, but decide the straightforward truth is easier and more respectful.","I feel the urge to cry or shut down, but take a slow breath and wait to process it until after class. "
24,Social Situations,,Spilled Slushie,BBBS,Erin,Kaitlyn/Bethany,Tylar/Emma,,,Not a lot of likes,"You post something different from what you normally post. After a couple of hours, you only have about half the number of likes on your post compared to what you normally have. ",https://drive.google.com/file/d/1828HR7oyHuDJpNFSn5JmLlYAZ24vA7x7/view?usp=sharing,People must not be online right now. ,My followers may be waiting to see what I post next. ,People think my post is dumb. ,"Others may not like my new post, but I do and that's what counts.","Even if no one likes what I posted, I do, and that's what's important. ",I'm confident that others will eventually like the new post. ,I feel good about my the post. ,I'll never try different styles of posts again. ,"I feel sad that I didn't get more likes, but am able to accept that. ","I feel uncomfortable not knowing why I didn't receive a lot of likes, but am okay not knowing. ",I keep posting things I want to post. ,I decide to stay in a good mood about my post. ,I get frustrated and take down my post. ,"I want to ask my friends why they think I didn't get more likes, but decide to move on. ","I feel like taking down my account for a while, but keep it up instead. ","You and your friends are shopping at the mall. You go to the food court and get slushies, and accidentally spill your red slushie down the front of your new white shirt.",https://drive.google.com/file/d/1cinJPcbKndxtsXXPf8PmhV9ffMMrEIOo/view?usp=sharing,I think about how everyone sometimes has clumsy moments. ,People in my family have dropped stuff at restaurants in the past. ,I have to be an embarrassment. ,"The waiter will be irritated, but I'll apologize and offer to help clean up.","I think about how my family may be annoyed, but I can handle that. ",I'm able to stay calm. ,I'm happy that the waiter doesn't seem to mind that much. ,I have a knot in my stomach after the whole restaurant looked at me. ,"I'm embarrassed that I dropped the glass, but know that people drop things all of the time. ","I feel bad, but remind myself that I'll forget about this in a few days. ",I offer to leave extra money for the tip. ,"I offer to do extra chores at home, so money can be left to replace the glass. ",I cry because I feel terrible. ,"I want to never come back to the restaurant, but will say yes to coming back if my family wants to come back. ","I want to cry, but decide that would not be helpful. "
25,Social Media,,Cute Peer,BBBS,Taylor,Kaitlyn/Bethany,Tylar/Emma,,,Tagged in a photo,You and your friends took some pictures together. You look through your feed and see that they tagged you in a post. You don't like how you look in the picture.,https://drive.google.com/file/d/1KskrjJ1I6dTgmaaRpMZPdIRFbz5zu4od/view?usp=sharing,My friends enjoy hanging out with me. ,I'm happy with the memories we made.,People are going to make fun of my face. ,"I really don't like how I look in this picture, but it doesn't really make a difference if there's one bad picture of me online.","People may see the picture of me, but I can't control what my friend posts. ",I'm happy thinking about that memory.,I'm confident in my friendships. ,I'm annoyed that this isn't a flattering picture of me.,"I feel angry at my friend, but know that she didn't know how I feel about the picture. ","I'm mad that I look so bad in the picture, and then remember that no one looks good all of the time. ",I keep scrolling on my feed.,I comment on the picture. ,I call my friend and tell her how upset I am. ,"I want to have the picture removed, but decide to let my friend keep it up. ","I want to get off of social media, but stay on and post new pictures. ","You met a cute peer in one of your classes. After school, you notice that they started following you.",https://drive.google.com/file/d/1ncTp2HNjNavvEUvW1hE6OhiqHV92b8wv/view?usp=sharing,I think they want to get to know me.,I think it's flattering.,They're probably making fun of my pictures. ,"I bet they'll stop following me after they see what I post. But, they probably won't actually unfollow me.","I think they may not like my profile, but decide they probably won't put that much thought into it. ",I feel flattered that they wanted to follow me. ,I feel energized by the add. ,I wonder if the add was an accident. ,"I feel curious about the reason they added me, but realize it is just because they wanted to. ","I feel worried about what they think of me, but know that I can deal with not knowing. ",I add more fun pictures. ,I talk to my mom about how excited I am.,I unfollow the people that they might not like. ,"I want to message them and ask about the add, but decide to not put much thought into the add.","I want to gossip about the add to my friends, but decide to stay modest. "
26,Health and Well-Being,,Walking Up Stairs,BBBS,Taylor,Kaitlyn/Bethany,Erin/Emma,,,Tagged in a photo,You and your friends took some pictures together. You look through your feed and see that they tagged you in a post. You don't like how you look in the picture.,https://drive.google.com/file/d/1KskrjJ1I6dTgmaaRpMZPdIRFbz5zu4od/view?usp=sharing,I'm glad they posted a picture of all of us. ,I don't think anyone will notice how I look.,Others may point out how I look in the picture. ,"I don't think this is the best post, but am OK with that. ","I think that my friend could've posted a better picture, but I know they didn't really mean to put up a bad one of me. ",I feel happy it is a group photo. ,I'm proud of the outfit in the picture. ,I'm embarrassed by the face I'm making in the photo. ,"I'm annoyed that such a bad photo of me was posted, but remind myself that this isn't the end of the world. ","I feel like everyone else looks better than me, but realize that is irrational thinking.",I post a photo from a few weeks ago where I really like how I look. ,I tell my friend it was a good idea to post a picture of everyone.,I leave a comment about how embarrassed I am. ,"I want to pretend the picture doesn't exist, but decide it is fine. ","I want to ask my friends if they think I look okay, but decide I look fine on my own.","You are meeting with your teacher. To make it on-time, you just walked up two flights of stairs quickly, and feel your heart beating very rapidly.",https://drive.google.com/file/d/1WNIbMwXVidKxtEI5Ib_O8pw3choQsS-V/view?usp=sharing,I am excited for the meeting. ,I made it up those stairs really quickly. ,Am I having a heart attack? ,"I wonder about all the reasons I could be so out of breath, but decide it is normal when rushing to a meeting. ","I wonder if my teacher will notice how out of breath I am, but decide it is okay if she does notice. ",I'm happy I made the meeting on time. ,I'm feeling excited now that my blood is pumping. ,I'm worried that there's something really wrong with me. ,"I feel embarrassed about being out of breath, but decide to listen to what my teacher has to say. ","I'm panicking a little about whether I'm going to be ok, but remind myself that it's normal to feel out of breath after walking up a bunch of stairs. ",I take a few deep breaths. ,I take a few sips from my water bottle. ,I start looking up symptoms of a heart attack online to see if I'm dying. ,"I feel the urge to tell my teacher that something's really wrong with me, but remind myself that I'm actually OK. ","I tell myself that I'm so nervous about this meeting that my heart is beating quickly, but remind myself that it's actually just my body's reaction to coming up the stairs quickly. "
27,Family & Home Life,,Upset Parents,BBBS,Taylor,Kaitlyn/Bethany,Tylar/Emma,,,Crush not responding,You've been talking to your crush on social media and they're usually quick to respond. You see that they opened your message a couple of hours ago and did not respond. ,https://drive.google.com/file/d/1NvTM1g3vx1Kut8y_4vvBJo79qKHzUztk/view?usp=sharing,They're just busy. ,They're probably not responding to a lot of people right now. ,They must not like me.,"I think what I said may have not been interesting enough, but don't know that for sure. ","I think they do not like me as much as I like them, but remind myself to not to jump to conclusions. ",I'm happy with who I am whether they respond or not. ,I feel okay with the message I sent. ,I'm embarrassed that they might not like me.,"I feel bad about not getting a quick reply, but remember I don't need to try and control the situation. ","I'm anxious that I haven't heard back, but realize that I don't need to hear back immediately about what I sent.",I keep going with my day.,I call a friend and ask them about their day. ,I send a bunch of messages back to back to see if they respond. ,"I want to get reassurance from my friends, but decide to calm myself down. ","I want to spend my day focused on my phone, but instead do hobbies I enjoy. ",You notice your parents are upset with each other. They give you a short answer when you try to talk with them. ,https://drive.google.com/file/d/1hpyKsjefHJabfDoMiK9EmCcl20By_8I6/view?usp=sharing,They'll be over this in a few days.,I think about how they will be in a better mood later. ,I immediately blame myself for their fight.,"I wonder how long this argument will last, and remind myself that I can't control what they do.","I think about how they might continue to get more upset, then I think about how they will calm down with time.",I feel calm even though they're a little upset. ,I'm glad that I don't have to help them feel better in this moment. ,I'm anxious about the tension between them. ,"I feel guilty, but realize that I did nothing wrong.","I feel worried about my parents, but remind myself that I don't have to help them get along. ",I go do something that distracts me from the situation. ,I call my friends and we talk about what happened in school. ,I tell them that they're being selfish. ,I go for a walk outside and remind myself that they'll be OK soon. ,"I want to mention that I feel they are making me feel bad, but I write about it instead. "
28,Athletic,,Playing Basketball,BBBS,Taylor,Kaitlyn/Bethany,Erin/Emma,,,Crush not responding,You've been talking to your crush on social media and they're usually quick to respond. You see that they opened your message a couple of hours ago and did not respond. ,https://drive.google.com/file/d/1NvTM1g3vx1Kut8y_4vvBJo79qKHzUztk/view?usp=sharing,They must have a lot to do today. ,They'll get back to me when they have time. ,They will never respond to me. ,"Maybe I'm annoying them, but they also might be busy.","If they like someone else and not me, I won't like it, but I can handle it. ",I'm eager to hear back. ,I feel happy with my ability to send fun messages. ,I'm sad that they didn't message back immediately. ,"I'm worried this has something to do with me, but realize this person has a lot of other things going on in their life. ","I'm sad that they didn't respond quickly, but know that I won't feel sad forever. ",I message other friends. ,I focus on other important things to do today.,I block them on the app and will never talk to them again. ,"I want to remove them from my phone, but realize that would be dramatic. ","I want to send a bunch of messages to this person, but instead call my friends to hang out. ","On your street’s cracked basketball court, a few neighbors are already playing when you show up with your ball. You miss your first shot and suddenly feel aware of who’s watching. ",https://drive.google.com/file/d/1PW7m3UzPLnC2Gj8WJqNQyfCPixEVpGLe/view?usp=sharing,Everyone misses shots — it's part of the game and no one expects perfection from a warmup.,The fact that I showed up and joined is more than a lot of people would do.,Everyone on the court just clocked that I can't play and is regretting that I showed up.,"I feel like all eyes are on me now, but realistically people are focused on their own game.","I want to convince myself I'm terrible and should leave, but I know that one missed shot is not a big deal. ",I feel energized just being out here shooting around. ,I feel excited about the chance to play and maybe get better.,I feel so self-conscious that my body tightens up and every subsequent move feels forced.,"I feel embarrassed, but don't let the feeling pull me off the court.","I feel a rush of insecurity about my skill level, but remind myself I came here to play, not to impress.","I shake off the miss, reset, and take another shot with the same confidence as the first.",I introduce myself to the neighbors and focus on being a good presence on the court.,I pretend I wasn't really trying on that shot and make a comment about it to preempt any judgment.," I want to pocket my ball and make an excuse to leave, but commit to staying for at least a few more minutes. ","I feel the urge to overcompensate by attempting a flashy shot to recover my image, but take a simpler one instead."
29,Vocation,,FOMO at Work,BBBS,Erin,Kaitlyn/Emma,Erin/Emma ,,,Can't afford a gift,Your friend is having a huge birthday party and most of the people in your grade will be there. You know you can't afford a gift for your friend. ,https://drive.google.com/file/d/1FK97F0rS8LTIXbo5OdxVuIloeA1-jeHr/view?usp=sharing,It'll be good to see lots of the people in my grade. ,My friend will be happy that I'm able to go. ,My friend will be embarrassed to have me because I don't have a gift. ,"I think about how I should've brought a gift, but know that my friend is glad I'm there.","If people judge me for not bringing a gift, I'll still have a good time at the party. ",I feel happy to be around all of my friends. ,I feel enthusiastic about sharing my good energy. ,I feel guilty for not bringing a present. ,"I feel bad, but decide the party will go on.","I'm a little sick to my stomach thinking about not being able to afford a gift, but remind myself that my friend won't judge me. ",I have fun dancing at the party. ,I smile at all of my friends. ,I try to sneak by my friend so they don't notice I don't have a gift when I walk in. ,"I'm tempted to leave before the presents are opened, but remind myself that I'm actually having fun.","I want to skip the party so I don't have to think about not being able to afford the present, but decide to push myself to go anyway. I know I'll have a good time.",You sit in the break room scrolling through photos from a school event you skipped for work. You wonder how often you’ll be choosing one thing over another. ,https://unsplash.com/photos/black-and-white-wooden-table-and-chairs-wfFvOLGVQkE,Choosing work when I need to shows maturity and responsibility. ,There will be more events to attend in the future. ,I'm missing out on the best years of my life and will never get this time back.,"Just because I had to choose work this time, doesn't mean I always will. ","Missing this event is hard, but I'm glad to be making money. ",I feel proud that I honored my commitment to work even when it was hard.,I feel grateful that I have things in my life worth choosing between.,I feel a lingering regret that sits with me through the rest of my shift.,"I feel sad about missing the event, but let myself feel it rather than pushing it down","I feel a pinch of resentment toward my circumstances, but remind myself that this tension is something a lot of people navigate.",I text a friend from the event to hear about it and stay connected despite not being there.,I look at my schedule and identify an upcoming event I can actually plan around and protect.,I spend the rest of my shift distracted and bitter. ," I want to put in less effort at work as a way of quietly protesting the situation, but decide that would only make me feel worse about myself.","I feel the urge to keep scrolling through every photo from the event, but close the app and finish my break differently."
30,Climate,,Youth Activism,BBBS,Erin,Kaitlyn,Erin/Emma,,,Upset parents,You notice your parents are upset with each other. They give you a short answer when you try to talk with them. ,https://drive.google.com/file/d/1SBNnoHm2DQ-ao5gfMeK2UcbNpRXoO47f/view?usp=sharing,I think about how it has nothing to do with me. ,I think about doing something nice for them. ,I ask myself if I did something wrong.,"I think I am the reason that they are fighting, but remind myself that I'm probably not the real reason. ","I wonder if they're arguing over my grades, but then remember that it isn't my fault if they're not getting along.",I'm glad I am able to remove myself from the situation. ,I feel confident that this will blow over fairly quickly. ,I'm angry that they're always arguing.,"I'm sad that they're arguing a lot, but know that I'm not the reason for it.","I feel anxious thinking about my parents not getting along, but remember that I can't do anything about it.",I walk away. ,I go do my homework. ,I yell at them to answer my question.,I give them some space and let my sad feelings pass. ,"I want to storm off, but walk away calmly. ",You hear adults debating whether youth activism actually changes anything. You wonder if your efforts will matter long-term. ,https://drive.google.com/file/d/1HBtWkBi1F90LBaOpKPc97Jrj5Q7pqRbu/view?usp=sharing,"History is full of examples where youth movements created real, lasting change.",The value of standing for something isn't solely determined by the immediate outcome.,Adults are right — anything I do is just performative and won't move the needle on anything real.,"I briefly wonder if my efforts are wasted, but I'm letting a cynical conversation rewrite my own experience.","Even if my efforts are small, I know they still make an impact. ",I feel motivated to learn more about historical youth movements so I have something concrete to stand on.,I feel a sense of conviction that my values are worth acting on regardless of the outcome.,I feel foolish for having believed my participation mattered in the first place.,"I feel slighlty disheartened, but know that one person's opinion isn't fact. ","I feel angry at the adults in the conversation, but recognize that they might mean well. ",I seek out stories of youth-led efforts that produced tangible results to ground my perspective.,I talk to a mentor or peer who shares my values and can offer a more grounded perspective.,I disengage from causes I care about to protect myself from feeling like I'm wasting my time.,"I want to argue back defensively in the moment, but choose to listen and reflect before forming a response.","I feel the urge to seek immediate proof that my efforts mattered, but remind myself that long-term impact rarely shows up on a short timeline."
31,General,,Snakes in the Park,BBBS,Erin,Kaitlyn,Erin/Emma,,,Upset parents,You notice your parents are upset with each other. They give you a short answer when you try to talk with them. ,https://drive.google.com/file/d/1SBNnoHm2DQ-ao5gfMeK2UcbNpRXoO47f/view?usp=sharing,They'll be over this in a few days.,I think about how they will be in a better mood later. ,I immediately blame myself for their fight.,"I wonder how long this argument will last, and remind myself that I can't control what they do.","I think about how they might continue to get more upset, then I think about how they will calm down with time.",I feel calm even though they're a little upset. ,I'm glad that I don't have to help them feel better in this moment. ,I'm anxious about the tension between them. ,"I feel guilty, but realize that I did nothing wrong.","I feel worried about my parents, but remind myself that I don't have to help them get along. ",I go do something that distracts me from the situation. ,I call my friends and we talk about what happened in school. ,I tell them that they're being selfish. ,I go for a walk outside and remind myself that they'll be OK soon. ,"I want to mention that I feel they are making me feel bad, but I write about it instead. ",Your friend convinces you to go on a walk through a local park. You have heard that there are poisonous snakes in that park.,https://drive.google.com/file/d/1aGC0Bmkt64rYZPLzApuiS4qSm5Pz9bgV/view?usp=sharing,The weather is really nice. ,I like talking to this friend. ,I'm going to die if a snake bites me.,"Even though it makes me uncomfortable thinking about snakes in the park, I know that I can go into the park anyway. ","I think about telling my friend that I've changed my mind, but go with them anyway. ",I'm excited to catch up with my friend. ,I feel energized to be outdoors. ,I'm so worried about whether I see a snake.,"I'm scared to go into the park, but then realize I've never heard of someone getting bitten in that park. ","I'm anxious thinking about a snake biting me, but know that I'll be OK on this walk.",I put on my shoes and head out the door. ,I meet my friend at the park entrance. ,I tell my friend that I'm not feeling well and that I can't go.,"I want to avoid going to the park, but challenge myself to go. ","I consider bailing on my friend, but push myself to go on the walk anyway. "
32,Relationships,,Finals Stress,BBBS,Erin,Kaitlyn/Bethany,Erin/Emma,,,Loud guardian,"Your guardian is dropping you off at your sports practice. As they drop you off, they are really loud and everyone on your team looks at you. ",https://drive.google.com/file/d/1FLrafTl-hL7AXFVQYyJg0598MHFZHGYM/view?usp=sharing,I'm lucky to have a guardian who takes me to sports practice.,I'm looking forward to practice today. ,My friends on the team are going to judge me.,"My immediate thought is that my teammates will hate me, but I remind myself that I don't judge my friends for what their parents do.",My friends don't want me on the team because of my guardian. But then I realize that thought isn't realistic. ,I'm excited about practice. ,I'm eager to get on the field with my friends. ,I'm so embarrassed by my guardian.,"I'm instantly feeling ashamed of my loud guardian, but remind myself that I can't control what my guardian does. ","I'm nervous while thinking about what my friends might say, but remember that I have really great friends. ",I run over to my teammates and start warming up. ,I grab a ball and get ready for practice.,I run to the bathroom and hope my friends didn't see my guardian drop me off. ,"I'm want to avoid everyone around me since I'm afraid of what they're thinking, but remind myself that I can push myself to be friendly. ","I feel the urge to skip practice because I'm embarrassed, but know that my teammates need me. ","You and your partner have been dating for a few months and see each other almost every day. Out of nowhere, your partner suggests taking a week to “focus on finals.”",https://unsplash.com/photos/boy-writes-on-his-book-on-the-desk-JexAuNCfefs,Finals are stressful and needing space to focus is a reasonable and healthy thing to ask for.,A relationship that can handle a week apart is probably stronger than one that can't.,"Focusing on finals is an excuse and they are pulling away because they want out.""","I keep searching for hidden meaning in how they phrased it, but I'm building a case out of things I'm imagining, not things they said.","Part of me wants to demand reassurance right now, but I recognize that my anxiety is driving that impulse more than the actual situation is.",I feel secure enough in what we've built over the past few months to trust them. ,I'm glad my partner communicated what they needed. ,I feel panicked that everything we have is about to unravel.,"I feel a little uncomfortable, but I know that taking space sometimes is normal. ","I feel frustrated that they can't spend time studying with me, but admit that some people need space to work. ",I tell them I understand and wish them luck on finals. ,"I plan to check in once midway through the week with something low-pressure, like a short encouraging message.",I text repeatedly throughout the week to test whether they're actually studying or pulling away.,"I want to ask them if this means something more than they're saying, but decide to give the week a chance. ","I feel the urge to ask my friends for reassurance about what is going on, but know that won't make me feel better. "
33,Milestones,,Driving Comparison,BBBS,Kaitlyn,Erin/Bethany,Erin/Emma,,,Loud guardian,"Your guardian is dropping you off at your sports practice. As they drop you off, they are really loud and everyone on your team looks at you. ",https://drive.google.com/file/d/1FLrafTl-hL7AXFVQYyJg0598MHFZHGYM/view?usp=sharing,I'm lucky to have a guardian that supports my hobbies. ,I think about the drills that we might do today during practice. ,My teammates will think I'm such a loser because my guardian is annoying.,I think about the drills that we might do today during practice. ,My coach hates my guardian. But then I remind myself that I can't control what my guardian does or how my coach feels. ,I'm energized to find out what we learn today at practice. ,I'm happy that the sun is shining at it seems like a great day to be outside with my teammates. ,I'm ashamed that my guardian is so loud. ,"I'm scared to face my friends, but remind myself that I can tolerate these feelings. ","I'm embarrassed that my guardian seems like the only one. Then, I remember that another friend has a loud parent, and I don't judge that friend for her parent. ",I start warming up for practice. ,I smile at my friends as I get out of the car. ,I avoid making eye contact with anyone on my team. ,"I feel the urge to pretend I'm sick so I don't have to face my friends, but then push myself to face my fears and go to practice. ","I want to run away, but know that my teammates are counting on me to be at practice. ","Your best friend already drives herself to school. You have your learner's permit, but your parents still drive you to school every day. ",https://drive.google.com/file/d/13Pqz232EDmHiatFPuXRhflS2tTM-rkrZ/view?usp=sharing,Having a permit means I'm already on the path — the license will come when I've had enough practice to earn it safely.,It's nice that I have someone else who can give me rides. ,My parents don't trust me and probably never will let me drive on my own.,"I feel like I'm being treated like a child, but I know that frustration doesn't mean my parents' caution is unreasonable.","I keep comparing my timeline to my friend's, but her parents' comfort level has nothing to do with mine.","I feel genuinely excited about the freedom that's coming, even if it's not here yet.", I feel proud that I've already taken the step of getting my permit while some people my age haven't started yet.,I feel embarrassed being dropped off every morning while my friend pulls into the lot on her own.,"I feel jealous of my friend's freedom, but also know that I'll get there eventually. ","I feel impatient and a little trapped, but remind myself that this feeling is temporary. ",I ask my parents if we can set a clear plan for how many practice hours I need before driving to school solo.," I use the time in the car as actual practice whenever possible, treating each drive as a step toward independence.",I sulk visibly every morning during the ride to signal how unfair I think the situation is.,"I want to pressure my parents into letting me drive before they feel ready, but decide a calm conversation will get me further than an argument.","I feel the urge to lie to my friend about my situation to seem further along than I am, but choose to be straightforward instead."
34,Academic,,Important Test,BBBS,Kaitlyn,Erin,Erin/Emma,,,Strong opinions,"Your family members have some strong opinions and you don't always agree with them. One evening, you invite a friend over for dinner. ",https://drive.google.com/file/d/1KeHog1u5MnwSfzyD9yBj4oIlp2YAyHwf/view?usp=sharing,I appreciate having different views than my family. ,My friend will be interested in hearing what my family has to say.,My parents are going to say something that makes me upset.,"If my parents say something that I don't agree with, my friend and I can always talk about it later. ","If my friend doesn't agree with my parents' point of view, they'll still want to be friends with me.",I'm calm sitting at dinner with my parents and my friend.,I'm excited to watch a movie with my friend after we eat.,I'm anxious about what my parents might say.,"I'm worried that my parents will say something that will make my friend dislike me, but I know that my friend will be nice to me no matter what.","I'm embarrassed that my parents have such a different point of view than me, but remind myself that everyone has different beliefs.",I remind myself that everyone has different opinions.,I listen to my friend while they talk to my parents.,I zone out and stop paying attention to what people are saying.,"I want to think of something else as everyone talks, but remind myself that I can handle my feelings and tune back into the conversation.","I want to change the topic of conversation to something less serious, but I let the conversation go.",You have a science test next week that's going to count for a lot of your grade. You haven't understood this unit's course material that well and you wonder how the test is going to go.,https://drive.google.com/file/d/1dwQzw_xw_WSnM3gLslrBv3LCdS-fOhKi/view?usp=sharing,This test will go well. ,I can ask for help to study for this test. ,My teacher will think I'm dumb if I do not do well. ,"I think that I may never catch on, but know that if I try, I'll be able to.","This class is so hard to keep up in, but decide to try a little harder.",I feel excited to prove myself wrong. ,I feel ready to get going with studying. ,I am worried about taking this test and failing.,"I'm worried about asking for help to study, but know that it'll help me get a better grade. ","I am scared about failing, but know that trying is what matters. ",I'll study really hard and ask my teacher for help if I need to.,I'll ask my friends in the class questions if I don't understand something. ,I'll pretend to be sick on the day of the class so I don't have to take the test. ,"I don't want to tell my parents about how difficult this class is, but decide to tell them anyways. ","I really don't want to study, but I know it will pay off on the test. "
35,Social Situations,,Sitting on the Bus,BBBS,Tylar,Erin/Bethany,Erin/Emma,,,Strong opinions,"Your family members have some strong opinions and you don't always agree with them. One evening, you invite a friend over for dinner. ",https://drive.google.com/file/d/1KeHog1u5MnwSfzyD9yBj4oIlp2YAyHwf/view?usp=sharing,I think I am smart for thinking on my own. ,My friend will be my friend no matter what my parents think. ,My parents will say something that makes my friend hate me.,"Even if my parents say something that's upsetting, my friend and I can talk about it later.","If my parents say things that I don't agree with, they're still my parents and I love them. ",I'm happy to have my friend over for dinner. ,I'm calm as we sit and eat dinner together.,I'm worried that my parents will say something embarrassing.,"I'm scared that my parents will say something offensive, but know that I can get through this dinner no matter what. ","I'm concerned that my friend will judge me for what my parents do at this dinner, but know that I can talk to my friend about it. ",I smile as my friend and my parents talk. ,I practice my active listening skills. ,I start thinking about all of the homework that I have to do so that I don't have to listen to what my parents say.,"I want to tell my parents not to say anything embarrassing in front of my friend, but take a deep breath instead. ","I want to tell my friend that my parents might say something that I don't agree with, but remind myself that my friend will be nice to me no matter what my parents say. ",You are sitting on the bus and see your friend get on. They walk past you and sit with another friend.,https://drive.google.com/file/d/1zYAAgOd3pAbpsCBumQ_wrwu4SAU7rnXI/view?usp=sharing,I think about how I enjoy the bus rides.,Maybe they haven't had a chance to catch up in a while. ,My friend doesn't consider me their friend. ,"I feel left out, but I know there are times that not everyone can be included. ","I would rather have my friend next to me on this bus ride, but that's not always possible. ",I am courageous for sitting on my own.,I am happy that my friends are happy. ,I feel mad at my friend for not sitting with me. ,"I am annoyed that I don't have my friends wanting to sit with me, but I know that this situation will pass.","I am guessing my friend is mad at me, but I know I should not assume the worst. ",I say hello to my friend as they pass. ,I start to journal in my notebook. ,I get flustered and move further away from my friend. ,"I want to get mad and bring up the subject as soon as we get off of the bus, but I know that isn't right so I give my friend some time. ","I want to talk about this with my other friends at school, but decide to keep this to myself. "
36,Social Media,,Fewer Likes,BBBS,Tylar,Erin,Erin/Emma,,,Missing spider,"As you're getting into the shower, you see a huge spider on the wall. You turn away for a second and look back and realize it's gone. ",https://drive.google.com/file/d/1EUMVkI6asoBt7l80JfW7XQ4KWT27fZDe/view?usp=sharing,I'm glad it's gone. ,I think it went back to it's home.,It's going to crawl on me!,"I think about how it could bite me, but decide it probably won't.","I think about how it could be venomous, but realize the chances of that are slim. ",I'm curious where it went. ,I'm calm as I get into the shower. ,I'm scared the spider will show up when I least expect it. ,"I'm anxious about getting into the shower, but know I can overcome my fear. ","I'm grossed out, but remind myself that the spider probably can't hurt me. ",I decide to turn the water on. ,I start to play some music. ,I scream and run away. ,"I want to call someone to help me find the spider, but decide to just take my shower. ","I want to spray bug spray everywhere, but decide to go about my bathroom routine.","You post something different from what you normally post. After a couple of hours, you only have about half the number of likes on your post compared to what you normally have. ",https://drive.google.com/file/d/1jmSz2myMKC8aJirbzaL6gd4L9QyeTy-b/view?usp=sharing,People must not be online right now. ,My followers may be waiting to see what I post next. ,People think my post is dumb. ,"Others may not like my new post, but I do and that's what counts.","Even if no one likes what I posted, I do, and that's what's important. ",I'm confident that others will eventually like the new post. ,I feel good about my the post. ,I'll never try different styles of posts again. ,"I feel sad that I didn't get more likes, but am able to accept that. ","I feel uncomfortable not knowing why I didn't receive a lot of likes, but am okay not knowing. ",I keep posting things I want to post. ,I decide to stay in a good mood about my post. ,I get frustrated and take down my post. ,"I want to ask my friends why they think I didn't get more likes, but decide to move on. ","I feel like taking down my account for a while, but keep it up instead. "
37,Health and Well-Being,Academic,Important Presentation,BBBS,Tylar,Erin,Erin/Emma,,,Turned off appliances,You and your family are heading out of town for a few days and your parent asks you to double-check that all the appliances in your house are turned off before you leave. You had to rush to pack so didn't get to check everything. ,https://drive.google.com/file/d/1FLrafTl-hL7AXFVQYyJg0598MHFZHGYM/view?usp=sharing,I think everything is turned off. ,I think about how I noticed during the first check everything was turned off. ,I think I missed something that may have been left on.,"I think I may be responsible for a disaster, but realize I am overthinking. ","Even though I didn't get to fully check a second time before we all left, I'm pretty sure everything is off. ",I feel confident everything was shut off. ,I feel excited about the trip. ,I'm worried that an appliance was left on. ,"I feel scared that I missed something, and then gently focus on what's going on in the car. ","I feel guilty about not fully checking everything, but remind myself that everything will probably be ok and the guilty feelings will pass. ",I decide to tell my parents I did not get to do a thorough second check. ,I focus on what's going on in the car. ,I think about all of the horrible things that could happen in the house.,"I want to ask to go back to the house to check everything, but know that will make my anxiety worse in the future.","I want to cry thinking about how anxious I feel, but know that my anxiety will eventually go away.","You have to give a presentation in your international language class today. When you stand up in front of the class, you feel your cheeks get hot and your hands start to tremble.",https://drive.google.com/file/d/1_2rE9XRzKQTqhk0TQjBqftLX-RvYtkqL/view?usp=sharing,It's normal to feel a little warm when you're anxious about presenting. ,I've done everything I can to prepare for this presentation. ,Everyone will see that my hands are shaking. ,"I want to sit back down, but instead go forward with the presentation. ","I want to cover my face, but stand up tall and present anyway.",I'm relieved to get this presentation over with. ,I'm happy with how much I've prepared for this presentation. ,I'm worried that I'm going to pass out. ,"I'm nervous that people can see my hands shaking, but they probably won't be able to see from where they're sitting. ","I'm scared that my cheeks feeling hot means that I'm going to faint, but I'll probably be OK and this feeling will pass. ",I smile at the class and start my presentation. ,I speak with a strong tone.,I ask the teacher if I can present another day. ,"I want to go to the bathroom and splash my face with water, but decide to power through. ","I consider pretending that I'm sick so I don't have to present, but challenge myself to give the presentation anyway. "
38,Family & Home Life,Social Situations,Family Opinions,BBBS,Tylar,Erin,Erin/Emma,,,Turned off appliances,You and your family are heading out of town for a few days and your parent asks you to double-check that all the appliances in your house are turned off before you leave. You had to rush to pack so didn't get to check everything. ,https://drive.google.com/file/d/1FLrafTl-hL7AXFVQYyJg0598MHFZHGYM/view?usp=sharing,I think about how everything is fine.,I think about how I could mention the situation to my family and all will be okay. ,I think about how something bad may happen because I didn't get to check the appliances properly. ,"I think about how upset my family will be with me, but know that they will understand. ","Our house is really safe, and our fire alarm would alert any neighbors if there was actually a problem. ",I am satisfied that I checked the appliances that I could on my way out. ,I feel calm now that I'm in the car and on my way out of town with my family. ,I'm scared that our house is going to burn down. ,"I'm miserable worrying about whether everything is off, but remind myself to focus on the present and take a deep breath.","I feel worried about the house burning down, but know that I can tolerate this feeling and it will pass. ",I'll remember to ask for help to check the appliances in the future if I am running out of time before we need to go. ,I'll remember that I don't have to check all of the appliances multiple times before we leave. ,I focus on everything that could go wrong because I didn't have time to check.,"I want to ask my family to turn around so I can go double-check all of the appliances. But, I know that I can tolerate the feelings of anxiety and these feelings will pass. ","I want to be upset about the situation, but decide to chat with my family. ",You invite your friend over after school and your parents are home. Your parents are pretty opinionated and may say something embarrassing to your friend.,https://unsplash.com/photos/keys-on-hand-jJnZg7vBfMs,My friend chose to be my friend knowing I come with a whole life and family attached.,Most people understand that parent's views don't always reflect their children's.  ,My parents will say something so embarrassing that my friend will never want to come over again.,"No matter how hard I try, I can't control what my parents will say. ","Even if there's an awkward moment, it probably won't change how my friend feels about me. ",I'm glad to have a friend I trust enough to bring into my home.,I'm confident that my friendship can survive an awkward parent moment.,I feel so anxiousn about my parents that I can barely enjoy having my friend over at all.,"I feel tense whe my parents are in the room, but let myself relax in the moments when things are going well.","Having friends over puts me on edge, but its worth it to spend time with them. ",I give my friend a lighthearted heads up beforehand so nothing catches them off guard.,I can steer the conversation in a different direction if things start going somewhere uncomfortable.,I decide not to have my friend over. ,I think of different things I might say in response to an inflamatory statement. ,"I want to cancel with my friend, but know that will make me feel worse in the long run. "
39,Athletic,,Shortened Workout,BBBS,Sabrina,Erin,kaitlyn/Emma,,,Babysitting,You are babysitting a younger kid in your neighborhood and you're watching TV while they sleep. It's dark outside and you suddenly hear noises against the window. ,https://drive.google.com/file/d/11Vs9sz9BDAkaj5QCxD927t-mz-VTFWXn/view?usp=sharing,I think it must be the wind.,I think about how there are lots of animals outside at this time.,I think about how someone could be trying to break in. ,"Even though my brain automatically goes to the worst case scenario, I remind myself that I'm probably safe.","I notice that I'm assuming the worst is going to happen, and remember that everything will actually be OK. ",I'm excited to make money while I'm babysitting.,I'm tired and am looking forward to going to bed.,I feel scared that I don't know what made that noise.,"I feel terrified, but realize my brain is being very imaginative.","I'm worried about what's outside, but remind myself that it was probably the wind.",I check that the doors have been locked. ,I make sure to turn extra lights on and a funny movie. ,I call the family to come home immediately. ,"I want to leave the house, but decide to stay. ","I want to wake up the child and ask if they hear anything, but instead let my anxiety pass. ","Near the middle of your workout, your muscles feel shaky and tired. You debate whether stopping early means you didn’t try hard enough.",https://unsplash.com/photos/exercise-equipments-inside-a-room-TEbVwp3WC0E,Fatigue is feedback from my body - I should listen. ,Finishing most of a hard workout is still an accomplishment. ,Stopping early means I'm weak and will never make real progress.,"I feel a pang of guilt stopping early, but I know that rest and recovery are just as important. ","I worry that others will judge me for quitting early, but admit that most people are probably not paying attention to me. ",I'm proud of how far I made it into the workout. ,I feel appreciative for what my body was able to do for me today.,I feel annoyed with myself for not being strong enough. ,"I feel frustrated that my body isn't doing what I want it to do right now, but am able to let the frustration exist without turning it into self-criticism.","Even though I couldn't finish the workout today, doesn't mean I won't be able to finish it next time. ",I begin to stretch and cool off my aching muscles. ,I take a picture of my sweaty face to savor the effort I exerted. ,I push through the shakiness and ignore clear physical warning signs to prove something to myself.,"I feel the urge to punish myself with an extra session tomorrow to compensate, but choose to let today's effort stand on its own.","I want to keep going until the end, but compromise with one more gentle set before cooling down. "
40,Vocation,,Early to Work,BBBS,Sabrina,Taylor/Emma,kaitlyn/Emma,,,Babysitting,You are babysitting a younger kid in your neighborhood and you're watching TV while they sleep. It's dark outside and you suddenly hear noises against the window. ,https://drive.google.com/file/d/11Vs9sz9BDAkaj5QCxD927t-mz-VTFWXn/view?usp=sharing,There are lots of noises at night. ,It is quieter at night so it's easier to hear lots of things. ,I wonder if I'm in danger. ,"My brain immediately thinks that there's a monster outside, but I remind myself that I'm probably safe. ","I picture something trying to get me, but then tell myself that it was most likely the wind on the window. ",I'm curious what I'll buy myself after I get paid for babysitting.,I'm happy that my favorite show is on TV.,I feel worried that something is looking into the window.,"It makes sense that I was scared at first, but remind myself that I'm probably safe.","My heart is beating a little faster than it was before I heard the noise, but know that it'll go back to normal soon. ",I put on a funny movie. ,I decide to play some of my favorite music. ,I call my parents and start crying. ,"I feel the urge to cover myself with a blanket, but tell myself that it was probably nothing outside.","I want to call the parents to have them come home soon, but tell myself that I can face my fear and that the anxiety will go away.",You realize halfway to work that you might have misread the schedule for this week. You think about showing up at the wrong time and how awkward that would feel. ,https://drive.google.com/file/d/1VoiQPPig3XZq8P6HMQ2ShScIhHTiQi78/view?usp=sharing,A scheduling mix-up is one of the most common and recoverable work mistakes there is.,It will be nice to get some time back in my day.,My manager will see this as proof that I'm irresponsible and start questioning my reliability.,"Even if I do show up at the wrong time, I'll just laugh it off with my coworkers. ",Showing up at the wrong time might be embarrassing in the moment but it is also quickly forgettable. ,I feel relieved that I caught the uncertainty now rather than after already arriving.,I feel capable of handling whatever the situation turns out to be,I feel a wave of dread that makes the rest of the commute miserable before anything has even gone wrong.,"I feel anxious and unsettled, but channel that energy into solving the problem rather than sitting in the discomfort."," I feel embarrassed in advance, but remind myself that anticipatory embarrassment is often worse than the moment itself ever turns out to be.",I check the schedule on my phone before I walk in. ,"I mentally prepare a calm, brief explanation in case I do arrive at the wrong time. ","I convince myself I must be right and keep going without checking, hoping for the best.","I want to turn around and go home to avoid the possibility of embarrassment, but keep moving and verify the facts first instead.","I feel the urge to over-explain and apologize preemptively to every coworker I see upon arrival, but decide to wait until I know whether there's even anything to address."
41,Climate,,Climate News,BBBS,Sabrina,Taylor/Emma,kaitlyn/Emma,,,Snakes in the park,Your friend convinces you to go on a walk through a local park. You have heard that there are poisonous snakes in that park.,https://drive.google.com/file/d/1U2_8uATTliNhBZDx61INANKTKxk7cpTi/view?usp=sharing,I'm looking forward to talking to my friend.,It'll be nice to walk in the park. ,I'm going to get bitten by a snake!,"Even though I've heard there are snakes in the park, I think I can avoid them.","I'm really not looking forward to going into the park that might have snakes, but I know that I can tolerate my feelings of anxiety.",I'm happy my friend asked me to go on a walk. ,I'm calm thinking about going to the park.,I'm terrified that something bad is going to happen to me.,"I'm anxious about getting bitten, but remind myself that's the worst case scenario and it probably won't happen.","I'm worried about what we'll see in the park, but know that I can handle feeling a little worried.",I tell my friend I'm ready to go.,I put on a jacket and go outside. ,I call my friend and say that I'm busy all of a sudden.,"I want to tell my friend that I can't go, but push myself to go into the park anyway. ","I think about telling my friend that we should go on a walk somewhere else, but decide that it'll be OK if we walk in the park.","While waiting for class to start, you open a news app and notice several climate stories in a row. You start wondering if the constant updates mean the situation is getting worse by the day.",https://unsplash.com/photos/person-using-black-smartphone-with-gray-and-pink-case-cqFKhqv6Ong,News apps are designed to grab my attention. ,"More climate coverage also means more public attention, research, and policy pressure than ever before",Every new headline is confirmation that collapse is imminent and nothing being done is enough.,"Even though the news is scary, I know there are a lot of people working on making things better. ","I'm a little anxious about the volume of articles, but know that a lot of information online is designed to get clicks. ",I'm proud of myself for staying informed. ,I feel energized to get involved in climate activism. ,I feel a sense of dread that things are too bad to come back from. ,"I feel overwhelmed, but remind myself that I don't have to process global problems in a five minute window before class.","Even though paying attention is uncomfortable, I'm glad I'm aware of things going on in the world.","I close the news app, make a note to read one article carefully later, and give my full attention to class."," I plan to seek out one solution-focused climate story for every alarming one I read, to keep my perspective balanced","I spend the first part of class half-present, still scrolling under the desk looking for something that will make me feel better.","I want to share every alarming headline with people around me to spread the urgency I'm feeling, but know that won't make me feel better. ","I feel the urge to delete the news app entirely to protect myself from ever feeling this way again, but decide that managed engagement is healthier than avoidance."
42,General,,Turned Off Appliances,BBBS,Sabrina,Taylor,kaitlyn/Emma,,,Snakes in the park,Your friend convinces you to go on a walk through a local park. You have heard that there are poisonous snakes in that park.,https://drive.google.com/file/d/1U2_8uATTliNhBZDx61INANKTKxk7cpTi/view?usp=sharing,The weather is really nice. ,I like talking to this friend. ,I'm going to die if a snake bites me.,"Even though it makes me uncomfortable thinking about snakes in the park, I know that I can go into the park anyway. ","I think about telling my friend that I've changed my mind, but go with them anyway. ",I'm excited to catch up with my friend. ,I'm eager to tell my friend about what happened at school today. ,I'm so worried about whether I see a snake.,"I'm scared to go into the park, but then realize I've never heard of someone getting bitten in that park. ","I'm anxious thinking about a snake biting me, but know that I'll be OK on this walk.",I put on my shoes and head out the door. ,I meet my friend at the park entrance. ,I tell my friend that I'm not feeling well and that I can't go.,"I want to avoid going to the park, but challenge myself to go. ","I consider bailing on my friend, but push myself to go on the walk anyway. ",You and your family are heading out of town for a few days and your parent asks you to double-check that all the appliances in your house are turned off before you leave. You had to rush to pack so didn't get to check everything. ,https://drive.google.com/file/d/1RaJAn0PT_6xZdqwaf0cQwDcTa-jISPRs/view?usp=sharing,I think about how everything is fine.,I think about how I could mention the situation to my family and all will be okay. ,I think about how something bad may happen because I didn't get to check the appliances properly. ,"I think about how upset my family will be with me, but know that they will understand. ","Our house is really safe, and our fire alarm would alert any neighbors if there was actually a problem. ",I am satisfied that I checked the appliances that I could on my way out. ,I feel calm now that I'm in the car and on my way out of town with my family. ,I'm scared that our house is going to burn down. ,"I'm miserable worrying about whether everything is off, but remind myself to focus on the present and take a deep breath.","I feel worried about the house burning down, but know that I can tolerate this feeling and it will pass. ",I'll remember to ask for help to check the appliances in the future if I am running out of time before we need to go. ,I'll remember that I don't have to check all of the appliances multiple times before we leave. ,I focus on everything that could go wrong because I didn't have time to check.,"I want to ask my family to turn around so I can go double-check all of the appliances. But, I know that I can tolerate the feelings of anxiety and these feelings will pass. ","I want to be upset about the situation, but decide to chat with my family. "
43,Relationships,,Smile at Dinner,BBBS,Taylor ,Kaitlyn/Emma,kaitlyn/Emma,,,Answering a question,Your English teacher calls on you to answer a question about the book you just read. You say your best answer and your peers are quiet.,https://drive.google.com/file/d/1peJsSeWbW75_7SXUaFUQcsUBkEkp3q7I/view?usp=sharing,My answer was thoughtful. ,It was nice to be able to share what I think about the book.,My classmates are judging my wrong answer. ,"My answer sounded dumb because I didn't understand the book, but no one will remember tomorrow.","If my English teacher didn't call on me, I wouldn't have made a fool of myself. I'll have a better answer next time. ",I'm glad my teacher gave me the opportunity to share my answer. ,I'm satisfied with how I said my answer. ,I was scared while answering,"I'm disappointed in myself because I couldn't say what I wanted to say, but I think my teacher understood my point. ","I was really anxious while I was answering, but was able to manage my feelings.","I think about my answer, smile, and sit back. ",I'll review my notes from this book before my test.,I won't answer again in class. ,"I feel like I should crack a joke so my friends forget about my answer, but don't.","I want to cry, but I take a moment to calm down and focus on the teacher's next question. ","You and your partner are at a group dinner with friends. You notice them smiling at their phone several times during the meal, and your stomach lurches. ",https://unsplash.com/photos/a-man-sitting-on-a-bench-using-a-cell-phone-bbxh2rl3MvU,They're probably reading a text from a friend or family member. ,I'm glad my partner is at this dinner with me. ,They are clearly more interested in whoever is on that phone than in being here with me.,"I briefly wonder if they are cheating on me, but dismiss this as an intrusive thought. ","Even though they're checking their phone, I know they have otherwise been very present tonight. ",I feel secure in our relationship. ,I feel happy to be surronded by people I care about. ,I'm anxious that my partner is talking to someone else they might be interested in. ,"I feel unsettled and a little hurt, but trust that my partner isn't talking to anyone else. ","I'm frustrated at my partner for being distracted, but remind myself that one moment of distraction doesn't overshadow their attendance. ",I re-engage with the conversation at the table. ,"I plan to bring it up privately with my partner later, as a feeling rather than an accusation.",I sulk and refuse to talk to my partner for the rest of the night. ,"I feel tempted to jump to conclusions and demand my partner tell me who they are texting, but am to let the urge pass. ","I consider pulling one of my friends into a side conversation to ask for reasurace, but manage to ask them about something else instead. "
44,Milestones,Social Situations,Date to the Dance,BBBS,Taylor,Kaitlyn,kaitlyn/Emma,,,Answering a question,Your English teacher calls on you to answer a question about the book you just read. You say your best answer and your peers are quiet.,https://drive.google.com/file/d/1peJsSeWbW75_7SXUaFUQcsUBkEkp3q7I/view?usp=sharing,My answer was intelligent. ,I'm happy I could speak up in class. ,Everyone thinks my answer is wrong. ,"My answer was not correct, but that is okay. ","What I said wasn't perfect, but that's OK. ",I am happy the students can hear my answer.,I am feeling smart about how I navigated the question.,I felt self conscious while answering. ,"I am embarrassed that my answer sounded wrong, but everyone has moments like that. ","I was sad that I couldn't provide a better answer, but there is always next time. ",I take notes on my teacher's comments after my answer. ,I relax after saying my answer. ,I leave the class and go to the bathroom to avoid the other students.,"I want to apologize for my poor answer, but do not.","I want to cover my face, but decide to look at the teacher. ","Your friends are planning for the school dance, talking about their dates and what outfits they want to wear. The dance is in a week, and you don't have a date. ",https://drive.google.com/file/d/1r65-E2LyK9y-a_sFSSjwGkg97b3bvnLL/view?usp=sharing,Going solo means I'll have more time to spend with my friends. ,I'm looking forward to shopping for an outfit for the dance. ,Not having a date means something is wrong with me.,"Even if I don't have a date, I'll still have a good time at the dance. ","Although I can't contribute, I know my friends aren't trying to leave me out of the conversation. ",I'm excited about getting dressed up and being there with my friends.,I'm glad I can enjoy the night on my own terms. ,I feel embarrassed just imagining walking in alone.,"I feel a sting of envy listening to my friends talk about their dates, but let it pass.","I'm a little sad that I don't have a date to the dance, but know it doesn't mean anything about me personally. ",I jump into the conversation and talk about what I want to wear.,I make a plan to go with a group of friends so I'm not walking in alone.,I tell my friends I'm not going to avoid feeling left out,"I want to ask someone just to have a date, but decide I'd rather go freely than force it","I briefly consider making up a story about rejecting someone who asked me, but decide to be honest instead. "
45,Academic,Family & Home Life,Parent Teacher Conference,BBBS,Taylor,Kaitlyn,kaitlyn/Emma,,,Important test,You have a science test next week that's going to count for a lot of your grade. You haven't understood this unit's course material that well and you wonder how the test is going to go.,https://drive.google.com/file/d/10SQmYfVuHzcGYJjADi5bmTtG4gXr2V9x/view?usp=sharing,I'm a good student. ,I'll do my best on my test next week. ,My parents will be upset if I don't do well. ,"I'm dumb for not understanding this material, but I bet if I study really hard I can learn some of the material.","I'll fail this test, but that doesn't mean I'll fail the class. ",I'm confident that I can study really hard for the test. ,I feel good about how I've done well in the class so far. ,I'm scared to take the test. ,"I'm embarrassed to ask for help, but that feeling will pass. ","I'm nervous for my test next week, but I'll be able to handle it. ",I'll ask questions in class when I don't understand something this week.,I'll ask my teacher for help this week. ,I'll avoid studying for the test when I feel anxious. ,"I want to avoid asking for help, but I reach out to my teacher anyway. ","I really don't want to make flash cards, but I will anyway because I know it'll be helpful for the test. ","During tonight's parent-teacher conference, your guardian is going to talk to your math teacher. You're not doing well in math, and you haven't told your guardian this yet. ",https://drive.google.com/file/d/155qmrh5VoFR1geiNmKQToIl1lBwy3F_c/view?usp=sharing,I have been trying really hard in that class. ,My guardian will be proud of me that I'm trying hard. ,My teacher will tell my parents I am not doing well. ,"My guardian may be upset, but that is something that I can understand. ","My parents will think I need some extra help, and I am okay with that. ",I feel happy that my guardian gets to learn about my progress. ,I'm feeling calm knowing that my guardian will accept me no matter what. ,I am nervous that my guardian will be let down by my progress. ,"I feel embarrassed that my guardian will learn about my lack of progress, but decide it is best for them to know. ","I feel bad that I am a bit behind, but realize these things happen. ",I take some deep breaths while my guardian is talking to my teacher. ,I'll ask my guardian for advice. ,I'll blame my grades on my teacher. ,"I will want to get upset, but decide to keep calm when my guardian gets home.","I may want to give up on math, but decide to keep trying because I need to pass this class."
46,Social Situations,,Birthday Party ,BBBS,Taylor,Erin/Emma,kaitlyn/Emma,,,Sitting on the bus,You are sitting on the bus and see your friend get on. They walk past you and sit with another friend.,https://drive.google.com/file/d/1lgjNvuXqVbMqHsO7EIZmc9XR6L6rg8fw/view?usp=sharing,I'm able to sit here alone for the rest of the ride. ,My friend probably had something to talk about with the other friend. ,My friend walked past me on purpose. ,"It feels like my friend is mad at me, but they would have said something. ","I really don't like sitting alone, but I know I can handle this short bus ride. ",I'm excited to see my other friends at school today. ,I'm glad that this is a short bus ride. ,I'm annoyed with my friend right now. ,"I'm scared that people will judge me, but I can turn and talk to the people around me.","I am anxious about why my friend walked past me, but I can ask them about it later.",I call out to my friend and smile. ,I turn to the seat behind me and start to make a joke. ,I start to cry. ,"I'll want to ignore my friend the rest of the day, but I'll be nice since that's the right thing to do. ","I want to put my head between my knees and disappear, but I take a deep breath and smile. ",Your friend is having a huge birthday party and most of the people in your grade will be there. You know you can't afford a gift for your friend. ,https://drive.google.com/file/d/181DBWMKLTEkGPaBQgZOpjDkPdCUQPmsD/view?usp=sharing,It'll be good to see lots of the people in my grade. ,My friend will be happy that I'm able to go. ,My friend will be embarrassed to have me because I don't have a gift. ,"I think about how I should've brought a gift, but know that my friend is glad I'm there.","If people judge me for not bringing a gift, I'll still have a good time at the party. ",I feel happy to be around all of my friends. ,I feel enthusiastic about sharing my good energy. ,I feel guilty for not bringing a present. ,"I feel bad, but decide the party will go on.","I'm a little sick to my stomach thinking about not being able to afford a gift, but remind myself that my friend won't judge me. ",I have fun dancing at the party. ,I smile at all of my friends. ,I try to sneak by my friend so they don't notice I don't have a gift when I walk in. ,"I'm tempted to leave before the presents are opened, but remind myself that I'm actually having fun.","I want to skip the party so I don't have to think about not being able to afford the present, but decide to push myself to go anyway. I know I'll have a good time."
47,Social Media,Social Situations,Close Friends Hanging Out,BBBS,Taylor,Erin,kaitlyn/Emma,,,Sitting on the bus,You are sitting on the bus and see your friend get on. They walk past you and sit with another friend.,https://drive.google.com/file/d/1lgjNvuXqVbMqHsO7EIZmc9XR6L6rg8fw/view?usp=sharing,I think about how I enjoy the bus rides.,Maybe they haven't had a chance to catch up in a while. ,My friend doesn't consider me their friend. ,"I feel left out, but I know there are times that not everyone can be included. ","I would rather have my friend next to me on this bus ride, but that's not always possible. ",I am courageous for sitting on my own.,I am happy that my friends are happy. ,I feel mad at my friend for not sitting with me. ,"I am annoyed that I don't have my friends wanting to sit with me, but I know that this situation will pass.","I am guessing my friend is mad at me, but I know I should not assume the worst. ",I say hello to my friend as they pass. ,I start to journal in my notebook. ,I get flustered and move further away from my friend. ,"I want to get mad and bring up the subject as soon as we get off of the bus, but I know that isn't right so I give my friend some time. ","I want to talk about this with my other friends at school, but decide to keep this to myself. ","You are looking through your social media app and see a number of your friends have posted to their stories. As you look through their photos, you realize that a few of your close friends were all hanging out without you. ",https://drive.google.com/file/d/1rFXMZ12J_eYPeLi3No9ImQ_rA8chZ0rD/view?usp=sharing,My friends look really happy. ,I think about all the wonderful photos I took with my friends. ,I think they meant to leave me out of the gathering. ,"Others might wonder if I was excluded intentionally, but I doubt that will actually happen. ","My friends must not actually like me. But, I know that's not the case; we have a lot of fun together. ",I'm calm seeing the pictures that they posted. ,I'm glad that I have such cool friends. ,I'm sad that they forgot about me. ,"I worry that they left me out on purpose, but remember all of the times I have been included. ","I'm feeling sad, but decide to think of the good times I have had with my friends.",I text my friends and say hi. ,I'll ask my friends to hang out later this week. ,I cry and look at other pictures that I'm not in. ,"I want to ignore them for not inviting me, but remind myself that would be childish. ","I want to gossip about how awful it was that I wasn't invited, but decide that would not be nice. "
48,Health and Well-Being,,Saying Hi to Friends,BBBS,Taylor,Erin,kaitlyn/Bethany,,,Spilled slushie,"You and your friends are shopping at the mall. You go to the food court and get slushies, and accidentally spill your red slushie down the front of your new white shirt.",https://drive.google.com/file/d/16jJWf3eLYQiWH3-6BkyLghQMMaNLxJay/view?usp=sharing,I think about how this is a common accident. ,I think about how it will be a funny story. ,I think I will look silly in front of everyone. ,"I'm annoying to my friends right now, but they will understand that accidents happen.","I'm causing a scene, but the other people here don't know me or care about this situation. ",I'm feeling silly and decide to chuckle about it. ,I'm glad that this is an old shirt. ,I feel embarrassed and it's making me want to leave the mall. ,"I'm so annoyed with myself, but am able to get past this feeling. ","I'm self-conscious with this stain, but no one else will care. ","I wipe up the slushie, smile, and keep shopping with my friends. ",I laugh and buy another slushie. ,I'll cry and leave the mall. ,"I want to leave immediately, but know that I'll forget about the stain soon. ","I want to throw away the slushie, but decide to keep eating it. ","You are outside on a cool day and see your friends down the street. You decide to jog over to say hi. When you get to your friends, you feel out of breath.",https://drive.google.com/file/d/1WNIbMwXVidKxtEI5Ib_O8pw3choQsS-V/view?usp=sharing,I am able to keep a good pace on this jog. ,It is so beautiful out today. ,My friends will notice I am out of breath. ,"I feel like I'm going to die from being out of breath, but I know I won't. ","My friends might judge me for gasping a little when I get to them, but they probably won't. ",I'm really excited to see these friends who I haven't seen in a while. ,I'm happy to be able to stretch out my legs. ,I'm embarrassed that I have to catch my breath when I see my friends. ,"I'm worried that I'm sick because of this feeling in my chest, but realistically I know I'm fine and it was just the jog. ","Even though I'm feeling miserable, I know this feeling will pass. ",I take a second to catch my breath when I get to my friends. ,I crack a joke when I see my friends. ,I try to cover up that my breathing is heavy. ,"I want to go see a doctor because I'm worried about how tight my chest is, but know that this feeling is normal after a quick jog. ","I want to walk away quickly from my friends so they don't see how out of breath I am, but I know that this is normal and they won't judge me. "
49,Family & Home Life,Academic,Balencing Responsbilities,BBBS,Taylor,Tylar/Emma,kaitlyn/Emma,,,Saying hi to friends,"You are outside on a cool day and see your friends down the street. You decide to jog over to say hi. When you get to your friends, you feel out of breath.",https://drive.google.com/file/d/1Ov4_xFiqnjvKNN5Un7xhg3L3BWieCiaz/view?usp=sharing,It is a nice day for a jog. ,That was a good jog. ,I feel like I'm going to die. ,"I think I'm being judged by my friends for being out of breath, but they probably don't even notice. ","The tightness in my chest is really uncomfortable, but I know it'll go away soon. ",I'm feel happy to see my friends. ,I feel invigorated. ,I'm worried I'm really sick because of the tightness in my chest. ,"Even though I'm a little embarrassed that I'm out of breath when I see my friends, I know that they aren't judging me. ","Feeling out of breath reminds me of how I feel when I'm a little anxious, which is interesting to notice. ",I smile when I see my friends. ,I ask how my friends are doing after I catch my breath. ,I tell my friends that I can't breath because of a health condition. ,"I want to sit on the ground and avoid my friends, but I acknowledge my feelings and catch my breath. ","I think about calling my parent to make sure I'm not dying, but know that I'm actually ok. ","You have a lot of chores that you have to do tonight, and you also have a big project that's due tomorrow. Both have to get done, and you think about how you'll handle it all. ",https://drive.google.com/file/d/1I4HOF2-6lL6iKdgXECEzDily8_OIvcnT/view?usp=sharing,I think about how great it is to be busy. ,I'm able to balance a lot.,I'm not going to be able to do all of this tonight.,"It feels overwhelming having so much to do, but I'll do my best. ","I don't know how I'm going to fit all of this in tonight, but I'll be able to figure it out. ",I'm calm as I figure out how to get everything done tonight. ,I'm excited to discover new music while I'm doing my chores. ,My stomach is in knots because I don't know if I'll get my work done. ,"I feel like I want to do nothing, but know that it will feel so great to have these tasks accomplished. ","I feel frustrated with the time crunch, but know that once I get started it will all start to flow. ",I outline a schedule for me to follow. ,I eat a snack and then get working on the chores first. ,I complain about how much I have to do. ,"I sit back and think about how I can avoid both my chores and project, but decide to do the right thing and get the tasks done.","I want to procrastinate until the end of the day, but decide not to. "
50,Athletic,,Volleyball Game,BBBS,Kaitlyn,Tylar,kaitlyn/Emma,,,Saying hi to friends,"You are outside on a cool day and see your friends down the street. You decide to jog over to say hi. When you get to your friends, you feel out of breath.",https://drive.google.com/file/d/1Ov4_xFiqnjvKNN5Un7xhg3L3BWieCiaz/view?usp=sharing,I am able to keep a good pace on this jog. ,It is so beautiful out today. ,My friends will notice I am out of breath. ,"I feel like I'm going to die from being out of breath, but I know I won't. ","My friends might judge me for gasping a little when I get to them, but they probably won't. ",I'm really excited to see these friends who I haven't seen in a while. ,I'm happy to be able to stretch out my legs. ,I'm embarrassed that I have to catch my breath when I see my friends. ,"I'm worried that I'm sick because of this feeling in my chest, but realistically I know I'm fine and it was just the jog. ","Even though I'm feeling miserable, I know this feeling will pass. ",I take a second to catch my breath when I get to my friends. ,I crack a joke when I see my friends. ,I try to cover up that my breathing is heavy. ,"I want to go see a doctor because I'm worried about how tight my chest is, but know that this feeling is normal after a quick jog. ","I want to walk away quickly from my friends so they don't see how out of breath I am, but I know that this is normal and they won't judge me. ","You're playing a volleyball match in gym class. Out of nowhere, the ball hits you in the face and you fall over. ",https://drive.google.com/file/d/1AvKXbchm_qrkyaj8oShY-TctTZm-wVj4/view?usp=sharing,This happens to everyone who plays volleyball. It's part of the game.,My body is resilient.,Everyone saw that and will be talking about it for weeks.,"I feel like the whole class is staring, but most people will forget this by next period.","That was a little embarassing, but people seem more concerned than anything else. ",I feel relieved that I'm okay and can shake it off.,I feel a small flash of humor about how absurd the moment was.,I feel so humiliated that I want to walk out of the gym and not come back.,"I feel embarrassed and flustered, and give myself a moment to recover. ","I feel exposed in front of my whole class, but remind myself that embarrassment fades. ","I get up, laugh it off, and jump back into the game",I let a classmate check if I'm okay and accept the moment gracefully.,I retreat to the locker toom and refuse to come back to class. ,"I want to fake an injury to get out of finishing the game, but decide to stay in instead.","I feel like joking about it reprepeatedly to defuse the embarrassment, but move on without mentinoning it again. "
51,Vocation,Academic,Post Grad Plans,BBBS,Kaitlyn,Taylor,kaitlyn/Emma,,,Walking up stairs,"You are meeting with your teacher. To make it on-time, you just walked up two flights of stairs quickly, and feel your heart beating very rapidly.",https://drive.google.com/file/d/1Ov4_xFiqnjvKNN5Un7xhg3L3BWieCiaz/view?usp=sharing,I am happy to be on time. ,I feel like that was an impressive mini workout. ,I'm so out of shape. ,"I want to think about how this could be an underlying condition, but tolerate the negative thoughts. ","I think about my heartbeat, and decide that is normal for how fast I was just going. ",I'm proud of myself for making myself a little uncomfortable. ,I'm glad that I was able to make it up the stairs so quickly.,I'm panicking that I'm going to die. ,"Although I am worried about my health, I decide to focus on the moment with my teacher. ","I want to feel concerned about this situation, but shift my attention to the meeting. ",I smile at the teacher once I make it to the meeting. ,I breathe deeply and focus on calming myself. ,I ask my teacher if I could be having a heart attack. ,"I feel the urge to look up my symptoms online, but remind myself that feeling this way is normal after going up a lot of stairs. ",I remind myself to take a few slow breaths to recenter my thoughts after I feel the urge to cry. ,"It's your senior year, and all of your friends are proudly posting their college acceptances. You still don't know what you want to do after you graduate. ",https://unsplash.com/photos/three-woman-sitting-at-each-other-near-flowers-qwPACFMqhPg,Not knowing yet means I'm still open — I haven't closed any doors,"Many people figure out their path after high school, not before.","Everyone has a plan but me, which means I'm already falling behind.","I feel like I should have this figured out by now, but there's no universal deadline for knowing.","I feel a little left out of college discussions, but know that college isn't the right path for everyone. ",I'm curious about what my future will look like. ,I'm excited about how many different oppourtunites are availble to me. ,I feel ashamed that I'm not following the same path as my friends. ,"I feel anxious about my uncertain plans, but don't let the feeling control me. ","I'm jealous of my friends' plans, but remind myself that I can be happy doing many different things. ",I talk to my mentor or another trusted adult about how to explore my options., I congratulate my friends and stay present in the moment with them,I lie and invent a scenario about what I'm going to do when I graduate. ,"I want to say something vague and aspirational to seem like I have a plan, but decide to wait until I have something real to share.","I feel the urge to dismiss college as overrated to protect my ego, but let my friends have their moment without making it about me."
52,Climate,,Loud Thunder,BBBS,Erin,Taylor/Emma,kaitlyn/Emma,,,Hanging out without you,"You are looking through your social media app and see a number of your friends have posted to their stories. As you look through their photos, you realize that a few of your close friends were all hanging out without you. ",https://drive.google.com/file/d/1xJHDDEq_Pcuyo7r3BJ3CX-cr5YI7YkrO/view?usp=sharing,The picture looks nice.,It seems like they are having a fun time. ,I wonder if I wasn't invited because they think I'm boring.,"I think they may have forgotten about me, but next time they'll remember. ","I wonder if my friends actually don't like me, but then challenge myself to think of times when we've all had fun together. ",I feel happy they are all together. ,I feel excited to hear about the fun that they had. ,I feel embarrassed that I wasn't invited. ,"I'm sad that they forgot about me, but then tell myself that they probably didn't mean to be mean.","I'm worried that I've lost all of my friends, but the remind myself that's not realistic. ",I post a nice comment on the picture. ,I message my friend and let them know I would love to hang out with them next time.,I decide to block my friends' accounts. ,"I really want to ask my friends why I wasn't invited, but decide that I don't need to ask. ","I want to cry, but remind myself that I've hung out with some of those friends without everyone there. ","As you lie in bed one night, you hear the rumble of thunder as a storm rolls in overhead. You hear cracking tree branches during strong winds and picture them crashing through your roof. ",https://unsplash.com/photos/white-clouds-over-the-sea-_hGPdpyMV-8,The sounds feel more alarming in the dark than they actually are.,These trees have withstood worse storms before. ,I'm convinced a tree will crash through the house and hurt me and my family. ,"The thunder is loud and jarring, but I know noises can't hurt me. ","I feel convinced danger is imminent, but I've heard storms before and woken up fine.",I feel a cozy sense of being safely inside while the storm passes outside.,I'm reassured knowing that storms like this are temporary and routine,I feel a sense of dread that makes sleep impossible.,"I feel anxious about the possibility of danger, but remind myself that harm is unlikley. ","I'm frustrated with myself for always jumping to the worst conclusion, but also acknowledge that storms can be stressful for many people. ",I focus on my breathing and let the rhythm of the rain become something steady rather than threatening.,I turn the light on and read a book to distract myself. ,"I lie completely rigid, tracking every sound and cataloguing each one as potential disaster","I want to wake someone up just to have company, but am able to tolerate the anxiety on my own. ","I feel the urge to check weather alerts repeatedly until the storm passes, but put my phone down and let the night run its course."
53,General,Health and Well-Being,First Therapy Session,BBBS,Erin,Taylor/Emma,kaitlyn/Emma,,,Hanging out without you,"You are looking through your social media app and see a number of your friends have posted to their stories. As you look through their photos, you realize that a few of your close friends were all hanging out without you. ",https://drive.google.com/file/d/1xJHDDEq_Pcuyo7r3BJ3CX-cr5YI7YkrO/view?usp=sharing,My friends look really happy. ,I think about all the wonderful photos I took with my friends. ,I think they meant to leave me out of the gathering. ,"Others might wonder if I was excluded intentionally, but I doubt that will actually happen. ","My friends must not actually like me. But, I know that's not the case; we have a lot of fun together. ",I'm calm seeing the pictures that they posted. ,I'm glad that I have such cool friends. ,I'm sad that they forgot about me. ,"I worry that they left me out on purpose, but remember all of the times I have been included. ","I'm feeling sad, but decide to think of the good times I have had with my friends.",I text my friends and say hi. ,I'll ask my friends to hang out later this week. ,I cry and look at other pictures that I'm not in. ,"I want to ignore them for not inviting me, but remind myself that would be childish. ","I want to gossip about how awful it was that I wasn't invited, but decide that would not be nice. ","You walk into your first therapy session and feel your chest tighten. You've been struggling with a lot of anxiety, but you can't help but worry that the therapist will think your problems aren’t serious enough.",https://drive.google.com/file/d/1ySS4Uwyo2aQ-4T7ObdQgSaXufRxm-lgN/view?usp=sharing,"Therapists are trained to meet people exactly where they are, not rank their problems.",Showing up today took courage. ,My problems are too small to be here and I'm wasting everyone's time.," I feel like I need to justify being here, but I don't need to meet a severity threshold to deserve support.","I keep rehearsing how to make my struggles sound serious enough, but I know I should just say them plainly.",I'm relieved I made this appointment. ,I'm hopeful this will help me. ,I feel a sense of shame for having to be here at all. ,"I'm nervous, but remind myself that a little anxiety is normal in this situation. ","I feel self-conciouss talking so much about myself, but remind myself that is what I'm here for. ","I tell the therapist honestly how I'm feeling, including the worry that my problems aren't serious enough.",I remind myself before going in that I only have to get through this first session.,I minimize everything I share so the therapist won't think I'm overreacting.,"I want to leave before my name is called, but stay in my seat and let the appointment happen","I feel the urge to perform being okay so the therapist sees me as self-aware, but choose honesty over presentation instead."
54,Relationships,Social Media,Double Texting,BBBS,Tylar,Taylor,kaitlyn/Emma,,,Cute peer on social media,"You met a cute peer in one of your classes. After school, you notice that they started following you.",https://drive.google.com/file/d/1PNlqc0Jg4bm9KOsakVSsKmJDaQwqLGrB/view?usp=sharing,They must have liked my profile and decided to follow me.,I think about how they may want to be friends. ,I wonder if they thought my posts were dumb.,"I think about whether they think my photos are silly, but then remind myself that I'm proud of my profile. ","I wonder if they think I am attractive, but remind myself that looks aren't everything. ",I feel happy that they followed me. ,I feel excited I have a new friend. ,I feel like they might unfollow me. ,"I feel embarrassed by some pictures I have up, but decide to feel confident about them. ","I feel shy about them adding me, but decide to be excited about the add.",I comment on their photo. ,I tell my friend about how someone new added me. ,I delete all of the pictures that might be embarrassing,"I want to deactivate my account, but decide to keep it up. ","I want to change some of my pictures, but keep them the same. ","Your crush hasn't responded in a few days. After long deliberation, you send a double text. ",https://unsplash.com/photos/woman-in-white-shirt-holding-black-iphone-4-VGmgsDsck58,This will show my crush I'm interested. ,People double text all the time. ,I'm making myself look desperate.,"I feel like I broke an unspoken rule, but these rules are made up anyway. ","I'm worried my crush will find my annoying, but remind myself that if they like me one extra text won't bother them. ",I'm relieved to have followed up. ,I'm proud that I did something that scared me.,I feel immediate regret and wish I could unsend it.,"I feel vulnerable, but know that vulnerability is an important part of developing connection. ","I'm a little embarassed, but remind myself that reaching out is not something to be ashamed of.",I put my phone down and go do something else after sending the text. ,I text another friend to distract myself. ,I send a third text immediately trying to walk back the second one.,"I feel tempted to screenshot the conversation and send to another friend to ask for help, but manage to control the urge. ","I want to check my phone every few minutes, but set it aside and give it real time."
55,Milestones,Social Media,TikTok Video,BBBS,Tylar,Taylor,kaitlyn,,,Balancing responsibilities,"You have a lot of chores that you have to do tonight, and you also have a big project that's due tomorrow. Both have to get done, and you think about how you'll handle it all. ",https://drive.google.com/file/d/1I4HOF2-6lL6iKdgXECEzDily8_OIvcnT/view?usp=sharing,I can manage both tasks.,I think this will help me organize thoughtfully in the future. ,I don't think I can manage all of these tasks. ,"I hate feeling like I have so much to do, but I'll do my best to get it all done. ","I think this is too much work, but decide to think positively about the outcome.",I'm excited to listen to my favorite artist while I do my chores.,I'm calm as I prioritize my chores and school work. ,I'm anxious about being able to get everything done. ,"Although I feel overwhelmed, I try and feel grateful for being in school and for the home that I live in.","I feel upset about all I have to do, but I imagine how it will feel to have it all accomplished. ",I decide to get started on the chores. ,I decide to start on the school project first.,I decide to sit and do nothing. ,"I just want to be lazy and take a nap, but decide to start with one task. ","I want to avoid all of the tasks, but decide to make a schedule to help organize my time. ","You see a ""Day in My Life"" video from someone on TikTok who is your age. She seems to have an amazing life, really cool friends, and a really nice house, and you can't help but compare your life to hers.",https://unsplash.com/photos/black-and-white-apple-device-q0G4MONzDFI,TikTok is a highlight reel that doesn't reflect real life.,"My life has some great things going on, even if they don't look like an influencer's.","This influencer has everything I don't, and I'll never have a life that looks like that.","I feel like my life is small by comparison, but I know a three minute video doesn't show the full story of anyone's life.","I might be dissatified with my life now, but that won't always be the case. ",I'm inspired to appreciate what's already good in my own life.,"I'm curious about what a ""Day in My Life"" video would look like for me. ",I'm jealous and have no hope that my life will never be as good as this. ,"Even though I feel briefly inadequete, I remind myself that it is impossible to know what is going on behind the scenes. ","I feel a pang of envy, but remind myself that the grass is always greener elsewhere. ",I close the app and do something that reminds me of what I actually enjoy.,I reach out to a friend or make a plan so my own life feels more present and real.,I spend the next hour going through her entire profile looking for flaws to feel better.,"I want to keep scrolling until the feeling goes away, but recognize that more scrolling is what caused the feeling.","I feel drawn to keep watching her content, but notice that each video leaves me feeling worse, not better."
56,Academic,,Essay Typo,BBBS,Tylar,Taylor,kaitlyn/Emma,,,Balancing responsibilities,"You have a lot of chores that you have to do tonight, and you also have a big project that's due tomorrow. Both have to get done, and you think about how you'll handle it all. ",https://drive.google.com/file/d/1I4HOF2-6lL6iKdgXECEzDily8_OIvcnT/view?usp=sharing,I think about how great it is to be busy. ,I'm able to balance a lot.,I'm not going to be able to do all of this tonight.,"It feels overwhelming having so much to do, but I'll do my best. ","I don't know how I'm going to fit all of this in tonight, but I'll be able to figure it out. ",I'm calm as I figure out how to get everything done tonight. ,I'm excited to discover new music while I'm doing my chores. ,My stomach is in knots because I don't know if I'll get my work done. ,"I feel like I want to do nothing, but know that it will feel so great to have these tasks accomplished. ","I feel frustrated with the time crunch, but know that once I get started it will all start to flow. ",I outline a schedule for me to follow. ,I eat a snack and then get working on the chores first. ,I complain about how much I have to do. ,"I sit back and think about how I can avoid both my chores and project, but decide to do the right thing and get the tasks done.","I want to procrastinate until the end of the day, but decide not to. ","You just turned in an important paper. As you're checking your submission, you notice you made an embarrassing typo in the first sentence",https://unsplash.com/photos/person-holding-white-printer-paper-TswOPhWcrmQ,One typo doesn't erase the quality of everything that follows it.,Most people move past small errors quickly.,My teacher will think I'm careless and grade the whole paper differently because of it,"I feel like the typo is all anyone will notice, but that's not how reading works.","Even if I get one or two points off for a typo, my grade will probably be fine. ",I'm relieved that the paper is submitted and the hard part is done,I'm confident that the essay otherwise reflects the effort I put in.,I'm ashamed that I missed such an obvious typo. ,"I'm frustrated with myself, but know it isn't a huge deal. ","I'm a little embarassed, but know a small error won't change how my teacher sees me. ", I check if resubmitting the essay is possible. ,I make a note to proofread the opening sentence first next time and move on. ,I email my teacher immediately with a panicked explanation before they've even read it. ,"I want to replay the moment of hitting submit over and over, but redirect my attention to something else instead.","I feel the urge to bring it up to my teacher preemptively, but decide to wait and see if it even comes up."
57,Social Situations,,Shattered Glass,BBBS,Tylar,Taylor/Emma,kaitlyn/Emma,,,Can't afford a gift,Your friend is having a huge birthday party and most of the people in your grade will be there. You know you can't afford a gift for your friend. ,https://drive.google.com/file/d/1FK97F0rS8LTIXbo5OdxVuIloeA1-jeHr/view?usp=sharing,I think my friend will be happy to see me. ,I'm looking forward to celebrating with friends. ,My friend will notice that I'm not able to bring a gift. ,"I think I am a bad friend, but know showing up is what counts. ","I assume everyone brought a gift, but I don't actually know if that's true.",I feel grateful to be invited. ,I feel excited to get the party started. ,I feel sad that I didn't bring a gift.,"I feel ashamed, but decide that material things are not as important as friendship. ","I feel guilty about coming empty-handed, but remind myself that my friend probably won't notice. ",I stay at the party. ,I walk in and hug my friend. ,I decide to stay for an hour and leave. ,"I want to leave before the presents are opened, but decide to stay. ","I think about lying that I forgot the gift at home, but remember that I should always tell the truth.","You are at a quiet restaurant with a lot of your family members for dinner. While taking a drink of your water, you accidentally drop the glass on the floor and it shatters.",https://drive.google.com/file/d/1-LP8kNv3ut7P5Ox5vNnLMHjAlcwulq9X/view?usp=sharing,I'm sure this has happened to other people.,I think about how I will help clean this up. ,I think I must be the most clumsy person on the planet. ,"My parents might be embarrassed by me, but I know that it really isn't a big deal. ","I think the waitress will be annoyed, but think about how this moment will pass. ",I'm confident that the waitress will accept my apology.,I'm happy to be eating with my family. ,I'm embarrassed that I drew attention to myself. ,"I'm annoyed at myself, but know that people will forget about the broken glass. ","I feel guilty about having broken a glass, but know that I didn't do it on purpose. ",I ask if I can help clean up.,I apologize to the wait staff and thank them for their help. ,I run to the bathroom so I don't have to talk to the waiter. ,"I want to cry, but take a deep breath and remind myself that this happens. ","I want to leave the restaurant, but stay and have a good time. "
58,Social Media,Social Situations,Missing Out,BBBS,Tylar,Taylor/Alex,kaitlyn/Bethany,,,Aging grandfather,You go to your grandparents' home for the first time in a while and notice that your grandfather looks a lot less healthy than you remember. No one in your family mentions it. ,https://drive.google.com/file/d/1ilobDwcYGrbmqNzcFd8sPD-t-nwvuy9Y/view?usp=sharing,I wonder how my grandfather is feeling. ,He's happy to see me. ,My grandfather must be dying.,"I think about how miserable I would be if he passes away, but then remind myself to enjoy my time with him today. ","My family must be keeping a secret about his health, but then tell myself that everyone ages. ",I feel happy to see my grandfather.,I feel excited to catch him up on all the new things that are going on in my life. ,I'm worried about how he looks. ,"I'm scared to lose him, but know that I can handle grief. ","I feel anxious about his health, but tolerate the anxiety. ",I decide to give him a big hug and smile. ,I make a funny joke to get my grandparents laughing. ,I make a concerned face at my family. ,"I want to leave and cry, but decide to stay with the family and engage in conversation. ",I gently ask my grandfather how he's doing and accept any answer he gives me.,"You had a really long day at school and are feeling tired, so you decide to stay home from the movie night at your friend's house. When you open social media, you see everyone posting about it on Snapchat.",https://unsplash.com/photos/a-person-laying-in-bed-holding-a-cell-phone-R7aBdi5OHtA,I really needed some rest. ,There will be more chances to see my friends in the future. ,Everyone is bonding without me. ,"I feel like I made the wrong choice, but I couldn't have known how the night would unfold when I decided to stay home.","Even though I'm not out with my friends, I can still have a nice night in. ",I'm proud of myself for listening to my body's needs. ,I'm excited to spend some time on self-care. ,I'm really regretting not pushing myself to go out. ,"I feel a little sad not to be with my friends, but acknowledge that everyone needs rest sometimes. ","I feel anxious that my friends are going to get closer without me, but remind myself that one night won't change things too much. ",I put my phone down and actually rest the way I planned to.,I swipe up on a friend's story and make plans for next time.,I stay up late watching every story until I feel too anxious to sleep.,"I want to ask my parents to take me there, but remind myself that I made my choice for a reason. "," I feel the urge to open Snapchat again every few minutes, but set my phone across the room instead."
59,Health and Well-Being,Family & Home Life,Aging Grandfather,BBBS,Tylar,Taylor/Alex,kaitlyn/Emma,,,Aging grandfather,You go to your grandparents' home for the first time in a while and notice that your grandfather looks a lot less healthy than you remember. No one in your family mentions it. ,https://drive.google.com/file/d/1ilobDwcYGrbmqNzcFd8sPD-t-nwvuy9Y/view?usp=sharing,He looks so happy to be with family. ,My grandfather is glad that I'm visiting. ,He's probably going to pass away soon. ,"I wonder what is going on, but decide to be in the moment with him. ","I think about whether my family is keeping something from me, but tell myself that I can't control my grandfather's health. ",I am grateful to be able to spend time with my grandfather.,I feel thrilled that my grandfather is engaging in conversation. ,I'm uneasy about my grandfather's appearance. ,"I start to feel angry about how he is getting older, but know that this is a part of life. ","I feel anxious and start to overthink what could be wrong, but remember I can't control his health.",I start to make conversation with my family. ,I laugh at something silly my grandfather said. ,I avoid thinking about his health.,"I want to question the family on his health, but decide to enjoy the gathering. ","I feel the urge to worry a lot about his health, but take a deep breath and enjoy the moments I have with my grandfather. ",You go to your grandparents' home for the first time in a while and notice that your grandfather looks a lot less healthy than you remember. No one in your family mentions it. ,https://drive.google.com/file/d/1t3grNj-Ns3tk0pjdZA1khbqWnKqcZkk_/view?usp=sharing,He looks so happy to be with family. ,My grandfather is glad that I'm visiting. ,He's probably going to pass away soon. ,"I wonder what is going on, but decide to be in the moment with him. ","I think about whether my family is keeping something from me, but tell myself that I can't control my grandfather's health. ",I am grateful to be able to spend time with my grandfather.,I feel thrilled that my grandfather is engaging in conversation. ,I'm uneasy about my grandfather's appearance. ,"I start to feel angry about how he is getting older, but know that this is a part of life. ","I feel anxious and start to overthink what could be wrong, but remember I can't control his health.",I start to make conversation with my family. ,I laugh at something silly my grandfather said. ,I avoid thinking about his health.,"I want to question the family on his health, but decide to enjoy the gathering. ","I feel the urge to worry a lot about his health, but take a deep breath and enjoy the moments I have with my grandfather. "
60,General,,Ordering Pizza,BBBS,Emma ,,,,,Aging grandfather,You go to your grandparents' home for the first time in a while and notice that your grandfather looks a lot less healthy than you remember. No one in your family mentions it. ,https://drive.google.com/file/d/1ilobDwcYGrbmqNzcFd8sPD-t-nwvuy9Y/view?usp=sharing,I wonder how my grandfather is feeling. ,He's happy to see me. ,My grandfather must be dying.,"I think about how miserable I would be if he passes away, but then remind myself to enjoy my time with him today. ","My family must be keeping a secret about his health, but then tell myself that everyone ages. ",I feel happy to see my grandfather.,I feel excited to catch him up on all the new things that are going on in my life. ,I'm worried about how he looks. ,"I'm scared to lose him, but know that I can handle grief. ","I feel anxious about his health, but tolerate the anxiety. ",I decide to give him a big hug and smile. ,I make a funny joke to get my grandparents laughing. ,I make a concerned face at my family. ,"I want to leave and cry, but decide to stay with the family and engage in conversation. ",I gently ask my grandfather how he's doing and accept any answer he gives me.,"Your mom tells you to call the pizza place to order dinner for your family. Talking on the phone makes you super anxious, and you feel your heart start to race and your breathing speed up as you pick up the phone.",https://unsplash.com/photos/a-woman-holding-a-cell-phone-in-her-hands-2r8aoVfHLkA,This call will be quick. ,The person on the other end takes orders all day and isn't focused on how I sound. ,"I'm going to mess up the order, say something awkward, and embarrass myself completely.","My body is reacting like this is dangerous, but I know objectively that it isn't.","I feel the urge to hand the phone to someone else, but I know doing it myself will make it less scary next time.",I'm proud of myself for making the call. ,I'm exctied to eat pizza. ,I feel a blinding sense of panic. ,"I feel embarrassed by my own anxiety, but remind myself that no one on the other end can see me.","I feel annoyed at my mom for making me call, but know she's just trying to help me. ",I write down the order beforehand so I have something to follow during the call. ,I distract myself by doodling on a note pad during the call. ,I tell my mom it went right to voicemail to avoid making the call.,"I want to ask my mom to do it instead, but push myself to try first before asking for help.","I feel the urge to hang up the moment someone answers, but stay on the line and go through with it."