Scenario Number,Sceanio Title,Scenario,2nd Ending (Resilience Only) ,Valence,Photo Link,Comprehension Question,Correct Response,Incorrect Resopnse,Letters Missing
1,ACT Scores 1 ,Your friends talk about their high ACT scores. You worry that your lower score means you're not smart and feel your confidence fall sharply. You tell yourself a single test will make or break your entire application. ,,Negative,https://drive.google.com/drive/folders/11erz7svhT8lBivklKfbquawegoQR5jNN,Do you believe a single test will make or break your entire application?,Yes,,1
2,Audition Error,You are auditioning for a play. You say most of your lines correctly but mess up on one or two. You think the audition went poorly. ,,Negative,https://unsplash.com/photos/red-theater-curtain-WW1jsInXgwM,Do you think the audition went poorly?,Yes,,1
3,Award Stumble 1,"You're called to the stage to receive an award at your school's award ceremony. You stumble as you get up from your chair to go to the stage. When you think about everyone seeing you stumble, you feel embarrassed",,Negative,https://unsplash.com/photos/people-sitting-on-chair-inside-room-ID1yWa1Wpx0,Do you feel embarrassed about stumbling in front of everyone?,No,,1
4,Birthday Party Conflict 1 ,"Your best friend is having her birthday party at the same time as your practice. Although you want to celebrate your friend, you know you aren’t supposed to miss practice, and you are feeling very torn. As you think about your decision, you admit that no matter what choice you make, you are going to disappoint. ",,Negative,https://unsplash.com/photos/a-person-is-using-a-mobile-phone-2f_zK0ruzJE,Do you think you'll disappoint someone no matter what you choose?,Yes,,1
5,Birthday Song 1,"It’s your birthday, and when it’s time for the cake, people gather around you and start singing. You feel your heart beating faster and your armpits sweating. You worry that your friends are secretly judging your reaction. ",,Negative,https://unsplash.com/photos/a-woman-is-lighting-candles-on-a-cake-6t74SsvfVJY,Do you worry your friends are secretly judging your reaction?,Yes,,1
6,Breakout Rooms 1,"During a Zoom class, you're placed into breakout rooms. When you start the discussion, your camera is on, but everyone else leaves their cameras off and their mics muted. You wonder if others will think you are a try-hard.",,Negative,https://unsplash.com/photos/black-and-silver-laptop-computer-on-brown-wooden-table-qnWPjzewewA ,Do you worry others will think you're a try-hard?,Yes,,2
7,Confident Friend 1,"Your friend is giving a presentation in English class and she seems totally confident and calm. You think about how when you give presentations, your hands shake and your stomach twists with nerves. You feel frustrated that public speaking doesn't come as naturally to you. ",,Negative,https://unsplash.com/photos/young-confident-female-developer-of-new-network-video-game-with-digital-tablet-standing-by-large-screen-during-presentation-DzfVrwupdCk,Do you feel frustrated that public speaking doesn't come naturally to you?,Yes,,2
8,Dance Without Date,"The school dance is only a week away, and you still haven’t asked anyone to go with you. You don't mind going with your friends, but you worry people will judge you for going solo. You think about people at the dance seeing you without a date and feel embarrassed. ",,Negative,https://mhscardinalchronicle.com/4311/lifestyles/5-dos-and-donts-of-school-dances/,Do you feel embarrassed at the thought of going to the dance without a date?,Yes,,2
9,Dream Colleges 1,You hear your friends bragging about their dream colleges. You worry your choices seem “less impressive” and feel your stomach sink. You think your friends probably judge you for your choice of colleges. ,,Negative,https://unsplash.com/photos/young-women-talking-in-a-casual-setting-q19hWugG0MU,Do you think your friends judge you for your college choices?,Yes,,2
10,Field Trip 1,"You are on a field trip to a local museum and have a group assignment to complete. You’ve been grouped with students who usually don’t care about grades. You start to think about how the assignment will go, and feel uneasy. ",,Negative,https://unsplash.com/photos/two-people-sitting-on-a-bench-in-front-of-paintings-jsjjScF-mx0,Do you feel uneasy about how the group assignment will go?,Yes,,2
11,First Kiss ,"You’re the only one in your friend group who hasn’t had your first kiss. When your friends talk about their experiences, you feel embarrassed and left out. You remind yourself that real connection matters more than timing, and you feel sorry for yourself.",,Negative,https://drive.google.com/drive/folders/1uRwPbAA8d2JKaKCMOAKMTcHNiy387Rdn,Do you feel sorry for yourself about not having had your first kiss yet?,Yes,,2
12,Friend of Friend ,"As you scroll through your social media accounts, you see that your closest friend is hanging out with someone you don't know. You wonder who this person is, and why you haven't heard about them. When you think about your friendship with this friend, you feel worried. ",,Negative,https://drive.google.com/file/d/136y0Emhx0dscHuD9fuXf4_wdbMk6ooF3/view?usp=sharing,Do you feel worried about your friendship after seeing them with someone new?,Yes,,2
13,Highlight Reel 1,"You scroll through your feed and see a friend’s post showing their academic achievements. You think about how your grades aren't as good, and start feeling like you're not measuring up. It leaves you feeling disappointed.",,Negative,https://unsplash.com/photos/woman-using-smartphone-0wyy5mAj1-o,Do you feel disappointed comparing your grades to your friend's achievements?,Yes,,2
14,Instagram Likes,"You post photos from your vacation online and get fewer likes than your friends. You feel disappointed, wondering if your friends are even paying attention to you. When you think about the likes you did get on your post, you feel dissatisfied. ",,Negative,https://drive.google.com/file/d/1JDDWS38bs8_PH3pfVYUXGgGgQZw6Xnl4/view?usp=sharing,Do you feel dissatisfied with the likes you got on your post?,Yes,,2
15,Interuppted Story 1,"You tell a story in class about something funny that happened over the weekend, and someone interrupts you. You feel frustrated, thinking your ideas aren’t valued. They probably interrupted you because they thought your ideas were worthless. ",,Negative,https://unsplash.com/photos/man-and-woman-sitting-on-chairs-zFSo6bnZJTw,Do you think your classmate interrupted you because they thought your ideas were worthless?,Yes,,2
16,Laughing at Locker 1,"You are putting some books in your locker before your first period class, trying to dispel your tiredness. All of a sudden, you hear people laughing near your locker and glance over. You think they are mocking you. ",,Negative,https://unsplash.com/photos/a-door-with-a-handle-MeRmEeMRXQ0,Do you think your classmates are mocking you?,Yes,,all
17,Misinterpreted Comment ,"You decide to create a post promoting something important to you. Someone leaves a mean comment because they misinterpreted what you wrote. You wonder what this person thinks about you, and feel worried. ",,Negative,https://drive.google.com/file/d/1t1I70BWhpFEk92Uj9czptY2yUxZdajJw/view?usp=sharing,Do you feel worried about what the commenter thinks of you?,Yes,,all
18,Peer Pressure 1,"At lunch, someone jokes about drinking tequila shots at a gathering you're attending this weekend. You worry people will judge you if you don’t join in on drinking. The possibility lingers, and you walk away feeling uncomfortable.",,Negative,https://unsplash.com/photos/woman-sitting-and-her-right-hand-on-her-cheek-xU2CytdJHJQ,Do you feel uncomfortable about the possibility of being judged for not drinking?,Yes,,all
19,Politics Discussion 1,"You overhear classmates arguing about politics, and your chest tightens. You imagine conversations around you getting even more heated. It occurs to you that tensions may keep rising, and you feel unsettled.",,Negative,https://unsplash.com/photos/people-sitting-on-chair-w1FwDvIreZU,Do you feel unsettled imagining the tension rising further?,Yes,,all
20,Sharing a Joke 1,"You show your friend a funny meme on your phone at lunch time, expecting them to laugh. They smile briefly, but don't seem that entertained. You feel an instant surge of embarrassment. Your friend probably didn't laugh because they find you annoying. ",,Negative,https://unsplash.com/photos/a-close-up-of-a-person-holding-a-cell-phone-hgz7pZkQoQc,Do you think your friend didn't laugh because they find you annoying?,Yes,,all
21,Small Role 1,"You are assigned to act out a scene in your English class, and your group assigns you a very small roll. You feel a flush of embarassment, wondering if your group thinks you're incapable. As you prepare for the scene, you focus on your shortcomings. ",,Negative,https://unsplash.com/photos/a-close-up-of-an-open-book-with-writing-on-it-WAchuh1Gc-0,Do you focus on your shortcomings while preparing for the scene?,Yes,,all
22,Sudden Breakout ,"Your face breaks out suddenly. You worry everyone will stare and feel heat rush through your cheeks. You can't stop imagining people looking at you, and you feel embarrassed.",,Negative,https://drive.google.com/drive/folders/1uRwPbAA8d2JKaKCMOAKMTcHNiy387Rdn,Do you feel embarrassed imagining people staring at your skin?,Yes,,all
23,Upcoming Dance ,"At lunch, your friends are talking about their dates for the school dance and what they are planning to wear. You feel sad that you don't have a date to the dance yet. If you go to the dance without a date, you will have a bad time no matter what. ",,Negative,https://unsplash.com/photos/two-people-sitting-at-a-table-with-a-tablet-eet-z_TuyWI,Do you believe you'll have a bad time at the dance without a date?,Yes,,all
24,Zero Waste Project 1,"At school, one of your friends is doing a new ""zero waste"" project and collecting all the trash they use for a week in a single plastic bag .When someone praises your friend for their sustainability project, you instantly feel uncomfortable, wondering if you seem uncaring in comparison. When you think about your friend's zero waste project, you feel insecure. ",,Negative,https://unsplash.com/photos/blue-and-white-labeled-pack-ttg1CM0YmGI,Do you feel insecure comparing yourself to your friend's zero waste project?,Yes,,all
25,Active Online 1,"The person you’re talking to leaves your message on delivered for hours, but you see them active online. You feel a knot in your stomach as you stare at their online icon, trying to guess what it means.  You remind yourself that behavior online isn’t always logical, and they are probably ignoring you. . ",,Negative,https://pixabay.com/photos/iphone-mobile-smartphone-cell-phone-2618731/,Do you believe they are probably ignoring you?,Yes,,all
26,ACT Scores 3,Your friends talk about high ACT scores. You worry your low score means you're not smart and feel your confidence fall sharply. You remind yourself that a single test won't make or break your entire application. ,,Positive,https://drive.google.com/drive/folders/11erz7svhT8lBivklKfbquawegoQR5jNN,Are your friends talking about their high ACT scores?,Yes,,1
27,Active Online 3,"The person you’re talking to leaves your message on delivered for hours, but you see them active online. You feel a knot in your stomach as you stare at their online icon, trying to guess what it means.  You remind yourself that behavior online isn’t always logical, and they are probably busy. ",,Positive,https://pixabay.com/photos/iphone-mobile-smartphone-cell-phone-2618731/,Are they definitely ignoring your message on purpose?,No,,1
28,Alone at the Party,"You’re standing alone at a party while everyone else is chatting. You start to feel awkward and wonder what you’re even doing there. Then you think that if you start a conversation, other people would probably be happy to talk with you.",,Positive,https://pixabay.com/photos/black-and-white-people-night-party-4550471/,"If you start up a conversation, people are likley to....",Respond with enthusiasm ,Think you are weird,
29,Amusement Park 3,"Your friends ask you to go to an amusement park with them this weekend. It is really expensive, and you know you won't be able to afford it. When you picture yourself telling your friends that you can't go, you feel confident. ",,Positive,https://unsplash.com/photos/a-merry-go-round-ride-with-lots-of-swings-d6PI2oueq7E,Your friends will probably think you are...,Trying to make smart choices,Flaky and unreliable ,
30,Asking a Question,"You ask your teacher a question during a loud class period. Your teacher doesn't acknowledge you, and you feel your face flush. Your question was probably unheard by your teacher.",,Positive,https://unsplash.com/photos/person-in-black-long-sleeve-shirt-raising-right-hand-rn21q4rmSE4,You think your teacher probably....,Has a lot going on during class,Has a grudge against you,
31,Asking for Equitment,"In the gym, you hover near a bench press while someone finishes their set. You debate whether asking to work in will make you seem awkward or inexperienced. You think asking is a normal part of shared spaces.",,Positive,https://unsplash.com/photos/a-gym-with-a-mirror-and-exercise-equipment-7jtML28iEp0,Is asking to work in a normal part of sharing gym equipment?,Yes,,1
32,Asking for Help,"Your teacher hands out an in-class assignment and lets you know it's graded for completion, not accuracy. As you read through the sheet you feel your cheeks heat up - you are confused and want to ask for help, but are embarrassed to raise your hand in the silent classroom.  You remind yourself that asking questions is part of learning, and calmly raise your hand. ",,Positive,https://drive.google.com/drive/folders/1uRwPbAA8d2JKaKCMOAKMTcHNiy387Rdn,Have you calmly raised your hand to ask for help?,Yes,,1
33,Award Stumble 3,"You're called to the stage to receive an award at your school's award ceremony. You stumble as you get up from your chair to go to the stage. When you think about everyone seeing you stumble, you feel like laughing. ",,Positive,https://unsplash.com/photos/people-sitting-on-chair-inside-room-ID1yWa1Wpx0,"Tomorrow, most people will....",Have forgotten about this moment ,Make fun of you for stumbling ,
34,Awkward Joke,"You make a joke in class, and nobody laughs. You feel your face heat up, convinced you embarrassed yourself. As you listen to the noisy classroom, you figure your joke was lost. ",,Positive,https://unsplash.com/photos/a-classroom-full-of-students-raising-their-hands-in-the-air-Hg8fLXkdbmU,Was your joke likely just lost in the noisy classroom?,Yes,,1
35,Bad Pass,"You are on the school soccer team, and you make a really bad pass that costs your team a goal. You feel your face heat up, and you begin to worry that everyone will be mad at you. You take a deep breath and remember that you were just trying your best.",,Positive,https://unsplash.com/photos/a-couple-of-men-playing-a-game-of-soccer-tufFoxwrhlo,Were you trying your best on that pass?,Yes,,1
36,Birthday Party Conflict 3,"Your best friend is having her birthday party at the same time as your practice. Although you want to celebrate your friend, you know you aren’t supposed to miss practice, and you are feeling very torn. As you think about your decision, you admit that no matter what choice you make it is going to be okay. ",,Positive,https://unsplash.com/photos/a-person-is-using-a-mobile-phone-2f_zK0ruzJE,Your friend will probably....,Forgive you,Be upset with you,
37,Birthday Song 3,"It’s your birthday, and when it’s time for the cake, people gather around you and start singing. You feel your heart beating faster and your armpits sweating. Even though you feel uncomfortable, you remind yourself that everyone here cares about you and isn’t judging you.",,Positive,https://unsplash.com/photos/icing-cake-on-table-d8s13D29QiE,Does everyone singing around you care about you rather than judge you?,Yes,,1
38,Blank Mind 3,"You blank on an answer when the teacher calls on you. As the silence stretches out and you feel your classmates' eyes on you, you feel totally dumb. You remind yourself that everyone forgets things sometimes, and your classmates will quickly move on. ",,Positive,https://unsplash.com/photos/professor-explaining-complex-mathematical-equations-on-blackboard-Fccc9MnaaSY,Will your classmates quickly move on after you blank on an answer?,Yes,,1
39,Borrowed Calculator 3,"You borrowed your friend's calculator in math class today. When you get home, you notice that the calculator is still in your backpack. You think that your friend will understand that you took it home by mistake. ",,Positive,https://unsplash.com/photos/a-calculator-and-a-pen-sitting-on-top-of-a-piece-of-paper-Vs6ip7fsld8,Will your friend understand that you took the calculator home by mistake?,Yes,,1
40,Breakout Rooms 3,"During a Zoom class, you're placed into breakout rooms. When you start the discussion, your camera is on, but everyone else leaves their cameras off and their mics muted. You wonder if others will think you are motivated. ",,Positive,https://unsplash.com/photos/black-and-silver-laptop-computer-on-brown-wooden-table-qnWPjzewewA ,Is your camera the only one currently on in the breakout room?,Yes,,1
41,Busy Traffic,"You're driving on your own for the first time, idling at a stoplight and waiting for it to turn green. Suddnely, you hear loud honks from several cars behind you. After making sure you aren't doing anything wrong, you feel unbothered by the honking. ",,Positive,https://unsplash.com/photos/a-person-driving-a-car-with-their-hand-on-the-steering-wheel-9QnzAzsssLI,"Next time you stop at a light, you will feel...",Unconcerned,Anxious ,
42,Class Presentation,"During a big presentation in your class, you stutter over a few words and have to start over again. You feel heat rise in your face, and certain people are laughing at you. Then you notice most people are just looking at their notes or staring off into space instead of paying attention, and you feel calmer. 
",,Positive,https://unsplash.com/photos/brown-wooden-table-and-chairs-PDRFeeDniCk,Your classmates probably....,Don't care about yoru stutter,Are making fun of your stutte,
43,Classroom Pace,You watch classmates answer questions instantly. You worry you'll never catch up and feel dread settle in your chest. You remind yourself that everyone learns differently and you feel balanced.,,Positive,https://unsplash.com/photos/person-raising-hand-in-a-classroom-setting-with-audience-W1HWLCLDeN4,Does reminding yourself that everyone learns differently help you feel balanced?,Yes,,1
44,Clothing Brand,"A classmate asks what brand your shirt is, then doesn’t say anything after you tell them. You start to worry they think it’s cheap or uncool. You remind yourself they might’ve just been making small talk, and their comment was innocuous. ",,Positive,https://unsplash.com/photos/a-man-in-a-green-shirt-is-standing-on-a-skateboard-TA400QkuRyc,You think your classmate is....,Trying to be friendly ,Judging you,
45,Clothing Comparison,"You notice your friends wearing cool, edgy clothes you’ve wanted for months, but your parents still won’t let you buy them. You start to worry you’ll look out of place. You remind yourself trends change fast. 
",,Positive,https://unsplash.com/photos/woman-wearing-black-leather-zip-up-jacket-43c9i58_P0o,Trends are usually....,Fleeting,Neccesary to take part in ,
46,Coming In Last,"You come in last during the mile run at school. You feel embarrassed and wonder if everyone sees you as weak.
No one says anything about it, and you decide that you are glad that you finished the run. ",,Positive,https://unsplash.com/photos/all-weather-running-track-for-background-use-m8XrKi9vjnA,Are you glad that you finished the run?,Yes,,1
47,Comparing Pace,"During a neighborhood run, you fall into step behind someone who seems to glide effortlessly uphill. You start comparing their stride to yours and question whether you’re cut out for running events. You consider that their training level might be different than yours.",,Positive,https://unsplash.com/photos/man-running-on-road-near-grass-field-mQVWb7kUoOE,Your running pace makes you feel....,Good about yourself ,Out of shape,
48,Concert Conflict,"Your friends ask you to go to a concert, but it's the night of an important cultural celebration for your family. You are looking forward to the celebration with your family, but don't want your friends to think you're lame. As you think about telling your friends, you realize that your culture is important. ",,Positive,https://drive.google.com/drive/folders/1hqA3AXPEiXTO6jdJodtghR3uuRiEIry5,You think your friend will be...,Understanding of your cultural traditions ,Dismissive of your cultural traditions ,
49,Coughing in Class 3,"You cough during a quiet part of class and everyone turns around.You instantly feel hot and assume they think you’re contagious. But the teacher just hands you a tissue and moves on, which makes it seem like maybe it wasn’t a big deal.",,Positive,https://drive.google.com/drive/folders/1hqA3AXPEiXTO6jdJodtghR3uuRiEIry5,Was your cough actually a big deal to your classmates?,No,,1
50,Curfew Differences,"Your peers are allowed to stay out later than you. You feel frustrated that your parents don’t trust you the same way. You remind yourself that freedom grows with time, and you feel satisfied.",,Positive,https://unsplash.com/photos/dimly-lit-living-room-with-framed-art-on-wall-Kojm4nCE65c,Are you feeling satisfied after reminding yourself that freedom grows with time?,Yes,,1
51,Dancing with Friends ,You are at a party and start to dance with your friends. You start to feel dizzy as the beat gets faster. You think that this feeling is a sign of excitement. ,,Positive,https://unsplash.com/photos/a-woman-holding-a-bunch-of-balloons-over-a-table-Vde8LxpfREM,Do you interpret your dizziness as a sign of excitement?,Yes,,1
52,Debates in the Group Chat,"Kids in your group chat argue like it’s a debate club, then log off and forget about it. You feel a sharp frustration because you can’t just brush it off like that. You remind yourself that different lives create different stakes, and you feel calmer stepping away to protect your energy.
",,Positive,https://unsplash.com/photos/person-using-smartphone-DKP4nVDRaIE,Are you feeling calmer after stepping away to protect your energy?,Yes,,1
53,Dietary Restrictions,"You have dietary restrictions, and as a result, you can't eat most of the food at the family gathering. You worry people are judging you and think you're weird. You think about how the way you eat is just a part of who you are, and it wouldn't be fair for your family to judge you because of that. You feel centered.",,Positive,https://drive.google.com/drive/folders/1uRwPbAA8d2JKaKCMOAKMTcHNiy387Rdn,Are you feeling centered about your dietary needs?,Yes,,1
54,Different Lunch,"You get your schedule for the new school year and are excited to see who is in each of your classes. Although you have friends in your classes, you realize almost all of your friends have a different lunch block than you, and you are worried they will spend a lot of time without you. You think about how close your friend group is, and go to lunch feeling confident that you will all still be good friends this year. ",,Positive,https://unsplash.com/photos/man-in-brown-sweater-sitting-on-chair--hgJu2ykh4E,At lunch you will probably....,Find a new group to sit with,Sit alone,
55,Distant Childhood Friend,"Your friend posts a TikTok of their childhood best friend surprising them with coffee. You think about how distant you and your childhood best friend have become. Then you remind yourself that it's normal for relationships go through rough patches, and you start to feel understanding. ",,Positive,https://drive.google.com/file/d/1u-lKWWxXStl0kzvkVl1gkhjp7EF9y62O/view?usp=sharing,"If you reached out to your childhood friend, they would probably be....",Greatful to connect,Resentful at losing touch,
56,Divorced Parents,"You are at your friend's house for dinner, and their parents ask you about your parents. You're not sure how to answer because your parents are divorced, and you haven't seen your mother for a long time. You think about what you'll say and feel confident.",,Positive,https://unsplash.com/photos/a-group-of-people-sitting-around-a-wooden-table-reMtVGngpr8,Are you feeling confident about how you'll answer their question?,Yes,,1
57,Dizzy After Run,"You see your friends across the street and jog over to them. You feel a little disoriented and dizzy as you reach them. You consider what this means, and realize that it probably means that you ran quickly. ",,Positive,https://unsplash.com/photos/people-crossing-a-street-at-a-crosswalk-90LG4iw3TIk,Does your dizziness likely mean you ran quickly?,Yes,,1
58,Empty Seat,"A class friend of yours doesn’t sit next to you in first period like they usually do. You worry you must’ve done something to annoy them. Then you notice their other friend had an open seat, and you feel secure in your friendship.",,Positive,https://unsplash.com/photos/an-empty-classroom-with-desks-and-chairs-oxrHRHEByuc,Are you feeling secure in your friendship?,Yes,,1
59,Empty Twitch Stream,"You’re streaming a video game on Twitch and no one joins. You start thinking maybe no one wants to see you play and you feel really embarassed. Before you can turn off the stream, a few people join and begin to message in the chat, and you feel delighted. ",,Positive,https://unsplash.com/photos/person-holding-black-game-controller-X6QffKLwyoQ,Are you feeling delighted once people join your stream?,Yes,,2
60,English Question 3,"Your teacher calls on you to answer a question about the book you just read. You don't know what to say, and your mind goes blank. After a few moments, you prepare your answer, knowing that no matter what answer you give, your teacher will probably appreciate your effort. ",,Positive,https://unsplash.com/photos/people-sitting-on-chair-w1FwDvIreZU,Will your teacher likely appreciate your effort regardless of your answer?,Yes,,2
61,Enviornmental Club,"At a meeting for an environmental club, roles are assigned quickly. You wonder if staying quiet makes you seem uninterested. You remind yourself participation is different for everyone. ",,Positive,https://unsplash.com/photos/woman-reading-book-while-sitting-on-chair-omeaHbEFlN4,Is participation supposed to look the same for everyone?,No,,2
62,Essay Pace,"You see a friend finish an essay days early while you're still on your outline. You start to think you're just slow. You remind yourself that working at your own pace can still lead to great results, and you feel steadier.",,Positive,https://unsplash.com/photos/person-writing-on-white-paper-pKSygGpQmZE,Are you feeling steadier about working at your own pace?,Yes,,2
63,Ex And Crush,"You hear someone whisper in the hallway that your ex and your current crush were talking after class. Your chest tightens at the thought of them becoming friends. When you think of them spending time together, the situation seems tolerable. ",,Positive,https://unsplash.com/photos/empty-hallway-5f4r0zWAXbI,Does the situation with your ex and crush seem tolerable to you?,Yes,,2
64,Excluded from Private Story,"You learn you’re not on someone’s private story. You worry they don’t trust you and feel embarrassment settle in your chest. You remind yourself that people curate those lists for many reasons, and it is common to limit viewers. 
",,Positive,https://unsplash.com/photos/person-holding-white-card-with-man-in-black-suit-jacket-jgS5TjOivCg,When you think about being excluded from this private story you feel...,Understanding of different people's boundaries,Intentionally left out,
65,Feeling Excluded,"Someone from school posts about hanging out with your friend group, but you weren’t invited. You wonder if they’re excluding you on purpose. Then you remind yourself that not every plan includes everyone all the time, and you feel better.",,Positive,https://drive.google.com/file/d/1vTTrAVeiMvUbGy-An6aoeVmsdKGiy2Bw/view?usp=sharing,Hanging out with your friends next time will probably feel...,Enjoyable,Awkward,
66,Feeling Overlooked,"You notice your friend comments on someone else’s post but not yours. You feel overlooked and a little hurt. Then you remember social media doesn’t always reflect real friendships, so you feel reassured.",,Positive,https://drive.google.com/file/d/1eIMm5Ajmqx6QOYlT6jBgX42FOEWWgGWv/view?usp=sharing,Are you feeling reassured after remembering social media doesn't reflect real friendships?,Yes,,2
67,First Therapy Session,"You walk into your first therapy session and feel your chest tighten. You've been struggling with a lot of anxiety, but you can't help but worry that the therapist will think your problems aren’t serious enough. Once the therapist greets you warmly, you feel relaxed. ",,Positive,https://drive.google.com/drive/folders/1hqA3AXPEiXTO6jdJodtghR3uuRiEIry5,Your therapist is most likley going to be...,Accepting of you,Judgemental towards you,
68,Forgotten Essay ,"You really enjoy your English class, and you feel like you finally have a teacher who gets you. As you walk into class one morning, you feel a horrible shock, realizing you totally forgot to complete the essay due today. This memory lapse will probably not impact your teacher's impression of you. ",,Positive,https://unsplash.com/photos/man-and-woman-sitting-on-chairs-zFSo6bnZJTw,You think your teacher will be...,Forgiving of your mistake,Dissapointed in your failure,
69,Friend's Correction,"You're working on math homework with a few friends. You say an answer to the first question, and your friend quickly notices a problem in your work and corrects your answer. As you are looking over your work, you realize you made a mistake, and that's okay. ",,Positive,https://unsplash.com/photos/woman-reading-book-while-sitting-on-chair-omeaHbEFlN4,Your friend probably thinks you are...,Learning,Dumb,
70,Friend's Family Dinner,"Your family doesn't do sit-down dinners together. When you're at your friend's house, her parents sit down at the table with you and start to ask questions about your day. You're not sure how to respond, but after you say something, you feel good. ",,Positive,https://unsplash.com/photos/woman-in-white-shirt-holding-a-girl-in-white-shirt-hzNavqkrQUA,Are you feeling good after responding to their dinner questions?,Yes,,2
71,Friend's New Group,"You see your friend talking excitedly with another group after school. As you watch them, you feel a painful sting of jealousy, thinking you’ve been replaced. You remind yourself that people can have more than one friend group, and this doesn't mean your friend has abandoned you. ",,Positive,https://unsplash.com/photos/man-holding-skateboard-sitting-next-to-man-during-daytime-Yug0kfxq8Vo,Does having another friend group mean your friend has abandoned you?,No,,2
72,Frizzy Hair,"At a hangout, your hair starts frizzing from the humidity.You worry your friends will think you didn’t try. You remind yourself people focus more on how you act than how your hair looks. .",,Positive,https://unsplash.com/photos/a-man-is-cutting-his-hair-with-scissors-mMswEfQhRek,"Do people focus more on your hair than how you act, in your view?",No,,2
73,Gift for Friend,"You have been invited to a friend's house for a holiday and want to bring a gift, but you can't afford to buy one. You decide to write a poem and recite it for their family. As you picture yourself reading it, you feel excited.",,Positive,https://unsplash.com/photos/person-writing-on-brown-wooden-table-near-white-ceramic-mug-s9CC2SKySJM,Are you feeling excited about reciting the poem you wrote?,Yes,,2
74,Glancing at Reflection,"In the restroom, someone glances at your reflection in the mirror and then looks away. You worry they noticed something embarrassing. You remind yourself that they were probably just looking at themselves. ",,Positive,https://unsplash.com/photos/white-ceramic-sink-with-faucet-BFb2OqxezRw,You think other people tend to be...,Focused on themselves,Focused on others,
75,Grade Comparison 3,"You got your report card today, and you got a couple of lower grades than you expected. Your friends are talking about their grades, and they said they got straight As. If you tell your friends your grades, they will be understanding.
",,Positive,https://drive.google.com/drive/folders/1uRwPbAA8d2JKaKCMOAKMTcHNiy387Rdn,Will your friends be understanding about your grades?,Yes,,2
76,Group Chat Exclusion,"Your friends are laughing about a conversation they had in a group chat. You realize you aren’t part of this specific chat, and feel your stomach lurch. You think that people make group chats for many different reasons, and you feel understanding. ",,Positive,https://unsplash.com/photos/three-women-laughing-while-sitting-near-flowers-jLH2jMEL6Ls,You were probably left out of this group chat because...,It was made for a specific purpose,Your friends don't like you,
77,Group Dismissal 3,"You are working on a group project in class, and everyone talks over you when you try to suggest an idea. You worry your ideas are terrible and feel your confidence drop sharply. You remind yourself that people sometimes interrupt you because they are distracted. ",,Positive,https://drive.google.com/drive/folders/1uRwPbAA8d2JKaKCMOAKMTcHNiy387Rdn,Are your classmates interrupting because they think your ideas are terrible?,No,,2
78,Group Leader,"You're chosen to lead a small group project in your math class. As your group sits down together, you suddenly feel nervous about giving directions. You remind yourself leadership means learning, not perfection, and you feel confident. ",,Positive,https://unsplash.com/photos/a-student-writes-on-a-blackboard-in-a-classroom-9kaaSDE5JQ0,Are you feeling confident about leading the group?,Yes,,2
79,Group Slacking,"You notice your group hasn't done their parts, and the deadline is tomorrow. You start to think it’s all on you to save the grade. You remind yourself that you can only control your effort, not others’, and if they don't finish their work, the consequences will be on them. ",,Positive,https://unsplash.com/photos/a-person-using-a-cell-phone-YamtliLQg2o,Are you solely responsible for saving the group's grade?,No,,2
80,Gym Strength Comparison,"You’re lifting weights in the gym and notice someone easily lifting a heavier weight. You instantly compare yourself, wondering why you just can't seem to build muscle. You remind yourself that everyone’s at a different stage of building strength, and you begin to feel motivated. ",,Positive,https://unsplash.com/photos/a-close-up-of-a-sign-isWezekA8J8,Are you feeling motivated after reminding yourself everyone's at a different stage of building strength?,Yes,,2
81,Hair Glance,"You catch someone looking at your hair during class, then they glance back at their notes. You worry they thought your hair looked messy. You remind yourself people glance around absentmindedly. ",,Positive,https://unsplash.com/photos/students-sitting-at-a-table-during-a-lesson-w8nxODYvrns,Did they glance at your hair because they thought it looked messy?,No,,2
82,Having Friends Over,"While setting up snacks before friends come over, your parent quietly rearranges the living room cushions you already fixed. You wonder if they think you didn’t do it right or don’t trust you to host. You remind yourself they often fuss before guests, and you feel forgiving.",,Positive,https://unsplash.com/photos/a-bed-in-a-room-s-nwp5zfbvE,Are you feeling forgiving toward your parent for rearranging the cushions?,Yes,,2
83,Height Comparison,"You and your friends are measuring each other against the wall. As you're marking each other's heights, you realize you are much shorter than all of your friends. You think about how everyone's body is different than yours. ",,Positive,https://unsplash.com/photos/a-person-holding-a-measuring-tape-in-their-hand-hzHyy2FTgaY,"Is everyone's body different from yours, in your view?",Yes,,2
84,Homemade Birthday Card,"Your friend is having a huge birthday party with all of your friends attending. You know you can't afford a gift for your friend. You show up with a homemade card, and your friend is thankful. ",,Positive,https://unsplash.com/photos/assorted-bottles-on-table-with-doughnut-1t4ZtSfNtTc,Is your friend thankful for the homemade card?,Yes,,2
85,Internship Envy,"You and your friend are competing for a summer internship. The day of decisions arrives, and you feel a jolt of envy when you see your friend post that they got the internship. The envy curdles to despair in your stomach, until you remind yourself that one opportunity doesn't define your path, and you start to feel hopeful.",,Positive,https://drive.google.com/drive/folders/1hqA3AXPEiXTO6jdJodtghR3uuRiEIry5,Are you feeling hopeful about your future path?,Yes,,2
86,Interuppted Story 3,"You tell a story in class, and someone interrupts you. You feel frustrated, thinking your ideas aren’t valued. You think your classmate inturrupted you acidentally. ",,Positive,https://unsplash.com/photos/man-and-woman-sitting-on-chairs-zFSo6bnZJTw,Do you think your classmate interrupted you accidentally?,Yes,,2
87,Jokes in Math Class,"The teacher calls you to the board to complete a math problem. As you are working on the problem, you hear a loud burst of laughter behind you. Your classmates are probably laughing at a joke.",,Positive,https://media.istockphoto.com/id/944039072/photo/young-student-writing-with-chalk-on-green-chalk-board-in-classroom.jpg?s=612x612&w=0&k=20&c=wd-QX_BMvWrTgM3frO4fQ6R29CuNN7tG1T5OZwyrOfc=,Are your classmates probably laughing at an unrelated joke?,Yes,,2
88,Late Assignment,"You hand in a late homework assignment to your teacher a few days after it is due. As you hand it to him, you hear him sigh, and feel your cheeks get hot. You think your teacher is sighing because he is tired. ",,Positive,https://drive.google.com/drive/folders/1uRwPbAA8d2JKaKCMOAKMTcHNiy387Rdn,Is your teacher sighing because he's tired rather than upset with you?,Yes,,2
89,Late Growth Spurt,"It seems like everyone you know is getting taller, but you still haven't had your growth spurt. You feel embarrassed and childish compared to your classmates. You then remember that everyone develops at their own pace, and everyone has their own insecurities. You start to feel confident in yourself.",,Positive,https://unsplash.com/photos/a-person-measuring-the-height-of-a-metal-cabinet-UOUTn1D7LdU,Are you feeling confident in yourself despite not having your growth spurt yet?,Yes,,2
90,Late to Dinner,"A friend arrives twenty minutes late to meet you and another friend for dinner. You feel a surge of irritation, thinking they don’t care about your time. You remind yourself that delays happen for many reasons, and you feel forgiving. ",,Positive,https://unsplash.com/photos/a-group-of-people-sitting-around-a-table-eating-pizza-UoGDuOHgZEI,Are you feeling forgiving about your friend arriving late?,Yes,,2
91,Laughing at Locker 3,"You are putting some books in your locker before your first period class, trying to dispel your tiredness. All of a sudden, you hear people laughing near your locker and glance over. You think they are laughing at a joke. ",,Positive,https://unsplash.com/photos/a-door-with-a-handle-MeRmEeMRXQ0,Do you think the laughter near your locker is about an unrelated joke?,Yes,,2
92,Local Colleges,"You hear your friends proudly talk about getting into highly ranked colleges. You feel embarrassed about applying mainly to local schools, and your stomach tightens. You remind yourself you'll grow wherever you go, and you start to feel enthusiastic.",,Positive,https://drive.google.com/drive/folders/1uRwPbAA8d2JKaKCMOAKMTcHNiy387Rdn,Are you feeling enthusiastic about your college choice?,Yes,,2
93,Lowering Weight,You’re lifting weights in the school gym and decide to lower the weight partway through your set. You wonder if people nearby are judging you for it. You think that adjusting weight is a necessary part of training. ,,Positive,https://unsplash.com/photos/a-couple-of-dumbs-sitting-on-top-of-a-white-floor-Sy1xs-O9eUI,Is adjusting your weight a necessary part of training?,Yes,,2
94,Lunchroom Seating,"Walking into the crowded cafeteria, you search for your friends in hopes of sitting with them. When you arrive at your usual table, you discover your spot and all other spots at the table have been filled. Staring at the occupied table you that your friends didn’t save you a seat because they forgot. ",,Positive,https://unsplash.com/photos/a-building-with-a-sign-that-says-cafeteria-KSo_p5wavgI,Did your friends intentionally leave you without a seat?,No,,2
95,Making Dinner 3,"You and some friends are watching a movie at your home. At the end of the movie, your friend asks what that funny smell is. You know that's your dinner, and when you think about how to answer, you feel hungry.",,Positive,https://unsplash.com/photos/a-person-sitting-in-front-of-a-television-playing-a-video-game-nGr0EW9Xs2k,Do you feel hungry when you think about the smell?,Yes,,2
96,Mentor Doubts,"You volunteer to mentor younger students at your school. When you show up to the first meeting and hear other mentors introduce themselves, you feel unsure if you have enough to offer. You remind yourself that being present is important. ",,Positive,https://unsplash.com/photos/two-people-sitting-on-the-ground-with-their-hands-open-boC7bLQWXW4,Is being present something you remind yourself matters?,Yes,,all
97,Missing a Shot,"On your street’s cracked basketball court, a few neighbors are already playing when you show up with your ball. You miss your first shot and suddenly feel aware of who’s watching. You remind yourself pickup games are meant to be fun, and feel relaxed.",,Positive,https://unsplash.com/photos/a-basketball-ball-sitting-on-the-ground-in-front-of-a-fence-YQLKzW2eDU4,Are you feeling relaxed after reminding yourself pickup games are meant to be fun?,Yes,,all
98,Missing the Catch,"Your gym class is playing softball outside on a nice spring day. You miss an easy catch and trip in the grass. Your face burns as you stand up, imagining everyone laughing behind you. You notice people are just focused on the next play, and you feel energized. ",,Positive,https://pixabay.com/photos/baseball-sports-park-field-mound-2627837/,Are you feeling energized after noticing everyone's focused on the next play?,Yes,,all
99,Morning Break Out,"When you wake up in the morning, you notice that your face has broken out. You worry everyone will stare and feel heat rush through your cheeks. You remind yourself that acne is common and treatable, so you feel calmer.",,Positive,https://unsplash.com/photos/man-wearing-white-shirt-facing-on-wall-mirror-3kZvBqduNVE,Are you feeling calmer after reminding yourself acne is common and treatable?,Yes,,all
100,Mulitlingual Household,"You invite your friend over for dinner, and while you're eating, your family switches back and forth between English and another language. You never told your friend that your family members are bilingual. You think about your friend's reaction and think she'll find it interesting.",,Positive,https://unsplash.com/photos/a-person-holding-a-bowl-of-food-on-a-table-7XrWwP1jYeg,Do you think your friend will find your family's bilingual conversation interesting?,Yes,,all
101,New Acne,"In the bathroom mirror at school, you notice a small pimple that looks much bigger under the harsh lights. You worry everyone who sees you will stare at it.You remind yourself that when it comes to apperance, most people are focused on themselves. ",,Positive,https://unsplash.com/photos/white-ceramic-sink-with-faucet-BFb2OqxezRw,Are most people focused on themselves rather than your pimple?,Yes,,all
102,New Foods,"You're at a friend's house, and their mom makes some very spicy food for dinner. After eating some, your face begins to sweat, and you can feel your heart beating in your chest. You decide to focus on the conversation, and you experience the rest of dinner as enjoyable. ",,Positive,https://pixabay.com/photos/food-chatpate-spicy-nepal-closeup-4600495/,Do you experience the rest of dinner as enjoyable?,Yes,,all
103,New Hair,"You look in the mirror and see new hair on your body. You worry it looks odd and feel uncertainty tighten your chest. You remind yourself hair growth is normal during your teens, and other people probably won't focus on it. ",,Positive,https://unsplash.com/photos/white-ceramic-sink-with-faucet-QkCknWPfGxE,Will other people probably focus on your new body hair?,No,,all
104,New JV Team,"After a difficult try-out, you make the school's JV soccer team. You feel very proud of yourself, but also anxious that you won't fit in with the other people on the team, who are very popular. You think that they will probably think you belong on the team. ",,Positive,https://unsplash.com/photos/two-footballers-running-down-field-after-ball-v0iuGE1ixOQ,Do you think your teammates will feel you belong on the team?,Yes,,all
105,New Person at Lunch,"When you show up to the lunch room, your best friend is chatting excitedly with someone new. You feel a flash of anxiety, wondering if you’re being replaced. When you think about sitting with your friend and the new person, you feel enthusastic to meet them. ",,Positive,https://unsplash.com/photos/two-young-women-talking-at-a-cafe-table-d7jgsEdPcpw,Are you feeling enthusiastic to meet the new person?,Yes,,all
106,New Person at the Study Table,"The person you’re seeing casually brings an attractive classmate to the study table without warning. You start to feel insecure and wonder if they like this other classmate more. They explain that they invited the classmates because they always score the highest, and you feel understanding. ",,Positive,https://unsplash.com/photos/man-and-woman-sitting-while-using-macbook-pro-iO2d-KYp5JU,Are you feeling understanding after hearing their explanation?,Yes,,all
107,New School,"You walk into your first day at a new school, and no one talks to you right away. You start to think you won’t make friends. You remind yourself that meaningful connections take time, and you feel confident finding your seat.",,Positive,https://unsplash.com/photos/empty-classroom-with-desks-and-chairs-by-windows-rkH8YVmjQ4w,Are you feeling confident about finding your seat?,Yes,,all
108,New School Lunch,"It's your first day at a new school, and it's lunch time. A group of students goes quiet after you ask them if you can sit at their table. You think they are probably just shy.",,Positive,https://unsplash.com/photos/empty-classroom-desks-and-chairs-visible-8XPeVdjeUG4,Do you think the other students are shy? ,Yes,,all
109,New Student,It's your first day at a new school and you walk into a full classroom. Everyone turns their head to look at you. You think they are looking because they are curious. ,,Positive,https://unsplash.com/photos/people-sitting-on-chair-inside-room-TAy7nXHoH1E,Do you think people are looking at or reacting to you out of curiosity or shyness rather than judgment?,Yes,,all
110,No Credit Given,"During a group project, someone rephrases your idea without mentioning you. You feel shocked and then upset, wondering if they're just ignoring you. If you speak up and remind them it was your idea, your group member will probably acknowledge their mistake. 
",,Positive,https://unsplash.com/photos/close-up-on-discussionasian-businessman-meeting-to-analyze-and-discuss-the-situation-on-the-financial-report-in-the-meeting-roominvestment-consultant-3dTEndePqgg,Will your group member probably acknowledge their mistake if you speak up?,Yes,,all
111,Nosebleed in Gym,"You get a nosebleed halfway through PE and rush to the locker room. You’re worried everyone saw and thinks you’re gross. No one mentions it when you come back, which makes you wonder if they even noticed.",,Positive,https://unsplash.com/photos/a-bench-sitting-in-front-of-a-blue-wall-LXgXDKcvBBU,Did anyone mention your nosebleed when you returned?,No,,all
112,Not Acknowledged,"You join a group conversation, but no one says anything to you right away. As people talk around you, your face starts to burn, and you wonder if they don’t want you there. You take a moment to pause and notice they’re just finishing a separate conversation and probably aren't intentionally ignoring you. ",,Positive,https://unsplash.com/photos/group-of-school-friends-outdoors-lifestyle-ljPdiW7LJjw,Are they intentionally ignoring you?,No,,all
113,Not College Bound,"Your friends start listing which universities they’ve applied to, and you stay quiet because you’re not planning on going. You worry they’ll think you’re unmotivated or lazy. Then you realize everyone’s just nervous about their own choices, so you start to feel forgiving.",,Positive,https://unsplash.com/photos/man-in-black-tank-top-beside-woman-in-yellow-knit-cap-YYuqE8dxxuc,Are you feeling forgiving after realizing everyone's nervous about their own choices?,Yes,,all
114,Not Tagged 3,"You don’t get tagged in a group photo on Instagram even though you were there. You wonder if the person posting it didn’t want people to know you were part of the group.
You notice that a few other people weren't tagged either, and realize that the person posting the photos probably doesn't follow you yet. ",,Positive,https://drive.google.com/file/d/1YZNvY59gmmSNYRF5GOy9ubSn13ovIQaU/view?usp=sharing,Did the person posting the photo intentionally leave you out?,No,,all
115,On A Jog,"While jogging past familiar houses, you notice a neighbor watching from their porch. Suddenly hyper aware of your body, you start questioning how your running looks from the outside. You think your neighbor is unconcerned with your running form. ",,Positive,https://unsplash.com/photos/a-street-lined-with-houses-and-trees-on-a-cloudy-day-qtk3riCYZbU,Is your neighbor likely unconcerned with your running form?,Yes,,all
116,Online Gaming,"You join an online game, and everyone else seems much more skilled than you. You feel out of place and worry they’ll start to trash-talk you. You remember that no matter what anyone, says you are here to have fun, and all you can do is your best. ",,Positive,https://unsplash.com/photos/a-man-sitting-in-front-of-a-laptop-computer-QuDw60HOysg,Are you at the game to have fun regardless of your skill level?,Yes,,all
117,Opinionated Family,"You invite your friend over after school and your parents are home. Your parents are pretty opinionated and may say something embarrassing to your friend. As you and your friend walk into your home, you are calm. ",,Positive,https://unsplash.com/photos/woman-using-gray-backpack-z5ncx9p6AvM,Are you feeling calm as you walk into your home with your friend?,Yes,,all
118,Outfit Anxiety,A friend glances at your shoes and smirks briefly before looking away. You worry they think your outfit is lame. You remind yourself that your friend wouldn't just make fun of you and they were probably thinking about something else. ,,Positive,https://unsplash.com/photos/note-to-inspector-all-visible-graphics-are-our-own-design-and-were-produced-for-this-particular-shootcouple-affection-love-passion-relationship-romance-HaJAsdsTueM,Was your friend probably thinking about something else?,Yes,,all
119,Overloaded Schedule,"You look at your calendar packed with practice, homework, and club stuff, and it feels like too much all at once. You want to cut down on your non-essential commitments, but you feel guilty for canceling. You think people will probably be understanding of your choice. ",,Positive,https://unsplash.com/photos/person-about-to-write-on-notebook-f0WseEEDKv4,Will people probably be understanding of your choice to cut back?,Yes,,all
120,Pause in Conversation,"You walk into a room where a group of your friends is sitting, and instantly, the talking stops. You feel your stomach drop, and you wonder if they were gossiping about you. You think about how sometimes conversations just pause when someone new walks in, and you feel unconcerned. ",,Positive,https://unsplash.com/photos/three-women-talking-at-a-table-with-snacks-KQo-AY3NNns,Are you feeling unconcerned after considering that conversations naturally pause?,Yes,,all
121,Pending Follow Request,"You send a new friend a follow request, and it’s still pending after a few days. You wonder if they’re ignoring you. After a while, you deicde they are probably busy. ",,Positive,https://unsplash.com/photos/woman-holding-phone-_XR5rkprHQU,Do you decide they are probably just busy?,Yes,,all
122,Picture Day Haircut,"Today is picture day and you got a new haircut for it. You don't like the way it turned out. When you think about others seeing your new haircut in the yearbook, you feel unconcered..",,Positive,https://unsplash.com/photos/young-man-concentrated-on-making-a-photo-at-workplace-side-view-photo-occupation-uft_PTTKwmo,Are you feeling unconcerned about others seeing your haircut in the yearbook?,Yes,,all
123,Political Discussion 3,"You overhear classmates arguing about politics, and your chest tightens. You imagine conversations around you getting even sharper. It occurs to you that conversations lead to progress. ",,Positive,https://unsplash.com/photos/teacher-lecturing-students-in-a-classroom-setting-14jNrPntbgk,Do you think tense conversations can lead to progress?,Yes,,all
124,Pop Quiz Freeze,"Your teacher is giving a verbal pop quiz during a morning class. You freeze when your teacher calls on you, even though you knew the answer last night. The teacher calls on someone else, and you feel your face burning, wondering if you just aren't smart enough to talk in class. When the teacher asks another question, you feel determind to rasie your hand again. ",,Positive,https://drive.google.com/drive/folders/1uRwPbAA8d2JKaKCMOAKMTcHNiy387Rdn,Are you determined to raise your hand again?,Yes,,all
125,Post Engagement,"You notice your friend stopped interacting with your Instagram content. You wonder if they’ve stopped liking you altogether. You remind yourself that people go through phases with downloading and deleting Instagram, and you friend is probably offline. ",,Positive,https://unsplash.com/photos/a-person-sitting-on-the-floor-using-a-cell-phone-ltUXvjSluro,Is your friend probably just offline rather than upset with you?,Yes,,all
126,Post-Graduation Thoughts,"Your classmates all seem to know what kind of people they want to be after high school. You still feel unsure of who you are. You remind yourself that figuring yourself out takes time, and you know things will turn out as they should.",,Positive,https://pixabay.com/vectors/businessman-confused-street-sign-6138818/,Do you believe things will turn out as they should?,Yes,,all
127,Posture Adjustment,"While lining up for photos, someone quietly adjusts their posture after looking at you. You worry they’re copying you because you look awkward. You remind yourself that lots of people correct their posture, and your shoulders relax a bit.",,Positive,https://unsplash.com/photos/pleasant-photographer-making-a-female-model-laugh-side-view-full-length-photo-aNmKPojgFmQ,Do your shoulders relax after reminding yourself lots of people adjust their posture?,Yes,,all
128,Presentation Applause,"You finish a presentation, and there’s less applause than the one before yours. You immediately think yours was boring, and feel a flash of anxiety about your grade. As you sit back down, you think the class might be tired. ",,Positive,https://unsplash.com/photos/a-woman-with-blue-hair-standing-in-front-of-an-audience-GkWP64truqg,Do you think the class might just be tired rather than bored by your presentation?,Yes,,all
129,President Debate,"You decide to run for class president, and you have to debate your fellow candidates in front of the school. The other candidates are on the debate team, and this is your first debate. When you think about arguing your position in front of your classmates, you feel confident.",,Positive,https://drive.google.com/drive/folders/11erz7svhT8lBivklKfbquawegoQR5jNN,Are you feeling confident about arguing your position in the debate?,Yes,,all
130,Rainy Mondy,"You sit next to a classmate you don't know that well on a rainy Monday morning.  When you ask about their weekend, they give a short, terse answer, and you instantly take it as a sign they don’t like you. After a few minutes, you realize it's possible that they just had a bad weekend and don't feel like talking about it, and the awkwardness recedes. ",,Positive,https://unsplash.com/photos/a-room-that-has-a-bunch-of-pink-chairs-in-it--6U3l3xCAbM,Does the awkwardness recede once you consider they may have just had a bad weekend?,Yes,,all
131,Running on a Treadmill,"You step onto a treadmill and the belt hums beneath your feet as numbers light up on the screen. You glance at the pace of the runner next to you and wonder if you should match it. You remind yourself the screen is just information, and comparison is unhelpful. ",,Positive,https://unsplash.com/photos/black-and-white-ip-desk-phone-on-brown-wooden-table-SAQNjlPX2Kc,Is comparing your pace to the runner next to you helpful?,No,,all
132,Science Fair 3,"The science fair is next week, and you've been working hard on your project. You overheard your classmates joking that only ""nerds"" participate. You think about the fun you've had preparing your project and feel satisfied. ",,Positive,https://drive.google.com/drive/folders/11erz7svhT8lBivklKfbquawegoQR5jNN,Are you feeling satisfied with the effort you've put into your science fair project?,Yes,,all
133,Searching for Jobs,"Your friends already have their first summer jobs lined up. You feel behind for not applying earlier. You think about sending in your applications, and you feel confident in your chances of getting hired. ",,Positive,https://unsplash.com/photos/two-girls-sitting-on-a-bed-with-a-laptop-and-headphones-DZ-sDIQ5HOo,Are you feeling confident in your chances of getting hired?,Yes,,all
134,Senior Year Goodbyes,"You say goodbye to your classmates after senior year. You feel anxious about losing touch. You remind yourself that endings can also start new chapters, and you feel bittersweet.",,Positive,https://plus.unsplash.com/premium_photo-1730142098584-ea2b65452b99?q=80&w=1470&auto=format&fit=crop&ixlib=rb-4.1.0&ixid=M3wxMjA3fDB8MHxwaG90by1wYWdlfHx8fGVufDB8fHx8fA%3D%3D,Do you believe endings can also start new chapters?,Yes,,all
135,Shaking Arms,"In gym class, the teacher calls out reps while the clock ticks loudly on the wall. Your arms start shaking earlier than you expected, and you wonder who might notice. You know effort doesn’t always look the same, and your classmates are probably thinking about other things. ",,Positive,https://unsplash.com/photos/a-room-with-a-bunch-of-objects-on-the-floor-Eu3g3_I6nDk,Are your classmates probably focused on something other than your shaking arms?,Yes,,all
136,Sharing a Joke 3,"You show your friend a funny meme on your phone at lunch time, expecting them to laugh. They smile briefly, but don't seem that entertained, and you feel an instant surge of embarrassment and worry that the meme was cringe. Your friend probably didn't laugh because they were distracted. ",,Positive,https://unsplash.com/photos/a-close-up-of-a-person-holding-a-cell-phone-hgz7pZkQoQc,Did your friend probably not laugh because they were distracted rather than because the meme was bad?,Yes,,all
137,Short Reply,"You send a long text to your friend, and your friend responds with just “ok.” You wonder if they are being short because they are annoyed or upset with you. You think about how they have a lot of work this week and are probably just distracted and will text you later. ",,Positive,https://unsplash.com/photos/portrait-of-a-nonbinary-autistic-person-using-their-mobile-phone-indoors-vvW2WF-999g,Is your friend probably just busy rather than upset with you?,Yes,,all
138,Sitting with a New Group,"You meet a friend’s other friend group for the first time, and they don’t ask you many direct questions. You feel hurt and left out of the conversation, worrying that they don't like you. You realize that they are probably also shy around new people and waiting for you to make the first move. 
",,Positive,https://unsplash.com/photos/a-group-of-happy-young-people-sitting-in-outdoors-cafe-on-town-trip-talking-0hIiOLGof_A,Are they probably just shy around new people too?,Yes,,all
139,Sleepy Audience Member,"You’re in the middle of an important presentation for your favorite class. As you scan the classroom, you see someone yawning. You think that they must be tired. ",,Positive,https://unsplash.com/photos/a-group-of-students-sitting-at-desks-in-a-classroom-EwB5adaVS20,Is the yawning classmate probably just tired?,Yes,,all
140,Slow Mile Run,"Your whole class has to run the mile during gym class. As you are running outside in the crisp Fall air, you can't help but notice how much slower you are than the other people in your class. You think that the other people in the class are probably focused on their own performance and don't notice. ",,Positive,https://unsplash.com/photos/a-group-of-people-running-down-a-dirt-road-LyORqx-3O-c,Are your classmates probably focused on their own performance rather than yours?,Yes,,all
141,Smiling witih Braces,You notice your braces gleam in every photo your friend takes at lunch. You worry everyone will think your smile looks awkward. You remind yourself most people barely notice braces. ,,Positive,https://unsplash.com/photos/teenage-girl-with-the-braces-on-her-teeth-is-having-a-treatment-at-dentist-Duv20wUzn1g,"Do most people barely notice braces, in your view?",Yes,,all
142,Snapchat Add,You open Snapchat and you see an acquaintance that you do not have added is mentioned in a post with one of your friends. You decide to add them but after a couple days they do not add you back. You think they're probably offline. ,,Positive,https://drive.google.com/file/d/1mHXfXw-iahdLomYjWNPrlY48AeYpFlIm/view?usp=sharing,Are they probably just offline rather than ignoring you?,Yes,,all
143,Spaced Out,"You are sitting in your History class and space out for a minute. Your teacher calls on you to answer a question, and you didn't hear it. You ask her to repeat her question and know that she will forgive you for being distracted. 
",,Positive,https://drive.google.com/drive/folders/11erz7svhT8lBivklKfbquawegoQR5jNN,Will your teacher forgive you for being distracted?,Yes,,all
144,Stage Fright,"It's your turn to give a presentation in your language class. You stand at the front of the room and feel every pair of eyes on you. Sweat begins to trickle down your spine. You start to think everyone is judging your voice and words. You remind yourself that most people are too focused on themselves to notice small mistakes, and you feel your shoulders loosen.",,Positive,https://drive.google.com/drive/folders/1uRwPbAA8d2JKaKCMOAKMTcHNiy387Rdn,Do your shoulders loosen as you realize others are focused on themselves?,Yes,,all
145,Stomach Ache at Party,You are at a birthday party for a friend of a friend. You start to feel a knot in your stomach while talking to someone you've never met before. This probably means that you are anticipating the event. ,,Positive,https://unsplash.com/photos/selective-focus-photography-of-assorted-color-balloons-Hli3R6LKibo,Does this knot in your stomach likely mean you're anticipating the event?,Yes,,all
146,Stomach Rumble,"During a test, your stomach growls loud for the people around you to hear it. You freeze, feeling embarrased that everyone in the room heard you. No one reacts, and you realize they are all focusing on the test. ",,Positive,https://unsplash.com/photos/a-person-writing-on-a-piece-of-paper-with-a-pencil-mLF8eEf8FLs,Is everyone probably focused on their own test rather than your stomach growl?,Yes,,all
147,Story Views ,"You post something on your story, but your best friend doesn’t view it even though they are online. You start to think maybe they’re not interested in you. You remind yourself that not everyone checks stories right away, and your anxiety fades. ",,Positive,https://drive.google.com/file/d/1qFO0h7SaHy-oK4ObdRNe-DWy_lVrH377/view?usp=sharing,Does your anxiety fade after reminding yourself not everyone checks stories right away?,Yes,,all
148,Stumbling During Workout,"The gym smells like rubber mats and sweat as you line up for timed sprints, your shoes squeaking on the floor. Halfway through, you stumble slightly and feel heat rush to your face, wondering if anyone noticed. You think your classmates are probably focused on themselves. ",,Positive,https://unsplash.com/photos/woman-standing-surrounded-by-exercise-equipment-CQfNt66ttZM,Are your classmates probably focused on themselves rather than your stumble?,Yes,,all
149,Style Comparison,You see your friend’s stylish jacket and suddenly feel like your clothes look plain. You worry people will judge your outfits as boring. You remind yourself style is personal and not a competition. ,,Positive,https://unsplash.com/photos/man-in-black-leather-jacket-standing-beside-woman-in-brown-coat-zGyVV9LTvN4,"Is style a competition, in your view?",No,,all
150,Submitted Without You 3,"Your group submits a big project without checking in with you. Your surprise quickly turns into insecurity, wondering if they finished without you because they think your work is bad. You think about the quality of your work on the assignment, and you feel confident. ",,Positive,https://unsplash.com/photos/person-using-macbook-pro-on-white-table-ejhjSZKTeeg,Are you feeling confident about the quality of your work?,Yes,,all
151,Sustainability Projects,"Friends share sustainability projects they’re proud of, their voices animated. You wonder if they think you’re doing enough or noticing what you haven’t done. You remind yourself people are usually focusing on themselves. ",,Positive,https://unsplash.com/photos/closeup-image-of-a-woman-picking-up-garbage-plastic-bottles-into-a-plastic-bag-for-recycling-concept-DdlmRJ2FdTM,Are your friends probably focused on themselves rather than judging your efforts?,Yes,,all
152,Tagging a New Friend,"You notice a friend keeps tagging someone else in all their photos lately. You start to worry they’re replacing you. But when you check your messages, you see they’ve been talking to you just as much, so you start to feel reassured.",,Positive,https://drive.google.com/file/d/1iJxfhhrpLBkmjIfjPgyPSzfNGuu05_eO/view?usp=sharing,Do you feel reassured after checking your messages?,Yes,,all
153,Talked Over,"During group work, everyone seems to speak over you. You feel frustrated, thinking your ideas are not valued. Then you remind yourself that people sometimes dominate conversations unintentionally, so you start to feel patient.",,Positive,https://drive.google.com/drive/folders/1uRwPbAA8d2JKaKCMOAKMTcHNiy387Rdn,Are you feeling patient after reminding yourself people sometimes dominate conversations unintentionally?,Yes,,all
154,Teammates Whispering 3,"You hear two teammates whispering on the sideline of your soccer game. You suddenly feel sure they’re talking about your performance, and you begin to feel self-conscious. You then remember that they are close friends outside of your soccer team, and they are probably talking about something else. ",,Positive,https://unsplash.com/photos/group-of-men-in-red-and-black-jersey-shirt-standing-on-green-grass-field-JnsB_S_gjpo,Are your teammates probably talking about something unrelated to you?,Yes,,all
155,Telling a Personal Story,"While hanging out with your friend, you share a personal story you haven't told them before. Your friend just nods, and there is a silence. You consider that silence can signal comfort. ",,Positive,https://unsplash.com/photos/man-wearing-green-trucker-cap-xNX4TnBLuv8,Can silence signal comfort? ,Yes,,all
156,Text from a Friend,"You and your friend had a small disagreement over text before you went to bed. When you wake up the next morning, you see a notification on your phone screen indicating they've sent you a message. Your first thought is that they’re trying to apologize. ",,Positive,https://drive.google.com/file/d/1IuNEawfjpO9rfB1iTIhtjK9QYgPJVyC6/view?usp=sharing,Do you think they're reaching out to apologize?,Yes,,all
157,Texting in Class ,"Your teacher catches you texting during class and takes your phone away. When class ends, your teacher gives your phone back and reminds you not have it out during class. You think your teacher is being nice.",,Positive,https://unsplash.com/photos/people-sitting-on-chair-w1FwDvIreZU,Do you think your teacher was being nice?,Yes,,all
158,Timed Run,"In gym class, everyone lines up for a timed run. When the whistle blows, you feel stiff and awkward starting out, and you wonder if others notice how uncomfortable you look. You decide that most people are focused on themselves. ",,Positive,https://unsplash.com/photos/man-in-black-t-shirt-and-black-shorts-running-on-road-during-daytime-J154nEkpzlQ,Are most people focused on themselves rather than how you look starting the run?,Yes,,all
159,Track Team,"You've been trying out for your school's track team for a few semesters and finally made varsity. At the first practice, you feel awkward around older players, and you worry you don’t belong. You remind yourself that with time, things will feel easier. ",,Positive,https://unsplash.com/photos/a-group-of-girls-running-on-a-track-ztVHuwbqPy4,Will things feel easier with time? ,Yes,,all
160,Trendy Leggings,"A lot of people at your school have started wearing a pair of trendy leggings. You think the leggings are super fashionable and you want to fit in with everyone, but when you look online, you notice the leggings are way too expensive for you to afford. Although you feel briefly sad, you know your friends will be unjudgemental.  ",,Positive,https://unsplash.com/photos/a-group-of-young-women-standing-next-to-each-other-XR704uoIYBg,Will your friends be judgmental about you not having the trendy leggings?,No,,all
161,Tripping at Warmups,"You trip during warm-ups in front of your whole basketball team. Your stomach drops, and you immediately think everyone saw and is laughing at you. No one says anything, and practice keeps going, so you start to feel like maybe it wasn’t a huge deal.",,Positive,https://unsplash.com/photos/basketball-players-jumping-for-a-rebound-during-a-game-19B2xIk1kvM,Does it seem like the trip wasn't a huge deal after all?,Yes,,all
162,Tripping on the Stairs,"You are running a few minutes late to class, and you race up the main staircase. As you are running, you trip and fall in an awkward way, and your face turns red as you feel a rush of humiliation. The other people in the hallway are probably wondering if you are okay. ",,Positive,https://unsplash.com/photos/people-walking-on-the-bridge-during-daytime-6WXhY7eL0Ag,Are the people in the hallway probably concerned about whether you're okay?,Yes,,all
163,Unheard Ideas,"While working in a group on a project, you share your ideas with your group. The other members of the group don't respond to you. You realize they were thinking about the project and didn't notice you. ",,Positive,https://drive.google.com/drive/folders/11erz7svhT8lBivklKfbquawegoQR5jNN,Did your group ignore you on purpose?,No,,all
164,Unusual Friend Response,"Your friend’s tone sounds short when you ask a question during class. You freeze, assuming from their tone that they’re mad at you. You take a deep breath, and remind yourself that they've a rough week, and probably aren't upset with you. ",,Positive,https://pixabay.com/illustrations/ai-generated-school-exam-students-9214143/,Is your friend probably not upset with you?,Yes,,all
165,Vocal Changes,"Your voice sounds different and more high-pitched than your friends'. You cringe, wondering if people think you sound childish. You remember that growing up isn’t a race, and you feel satisfied with your body.",,Positive,https://pixabay.com/vectors/public-speaking-speaker-presentation-9838260/,Do you feel satisfied with your body despite your voice sounding different?,Yes,,all
166,Voice Message,"You send a voice message to a new friend, and they don't reply. You start to worry that your voice sounded weird or that your new friend doesn't like voice messages. You remember your friend doesn't check their messages that much and probably hasn't seen it yet.  ",,Positive,https://drive.google.com/file/d/19dl56LvsLIjvc11B9Uwdx3ngBhs93PmG/view?usp=sharing,Has your friend probably just not seen the message yet?,Yes,,all
167,Voicing Political Views,"You join a discussion about a political issue and find yourself speaking up more than usual and voicing your opinions. You worry others might think you sound arrogant. You remind yourself that it’s okay to speak up for what you believe in, and you feel confident.",,Positive,https://unsplash.com/photos/man-and-woman-sitting-on-chairs-zFSo6bnZJTw,Do you feel confident about speaking up for what you believe in?,Yes,,all
168,Volleyball Game ,"During gym class volleyball, the ball hits you in the face, and you fall over. Your cheeks burn, and you think the entire gym is staring. Even though a few people chuckle, you realize they probably aren't trying to be mean, and most people probably didn't even notice. 
",,Positive,https://unsplash.com/photos/empty-basketball-court-6FLMugSqXhg,Did most people in the gym probably not even notice?,Yes,,all
169,Waiting for Bench,"At the gym, you wait for a bench while someone scrolls on their phone between sets. You feel torn between needing the equipment and not wanting to interrupt. You think they will be understanding if you ask to switch. ",,Positive,https://unsplash.com/photos/woman-uses-workout-app-while-preparing-for-a-workout--U8jKg4ktnw,Will the person probably be understanding if you ask to switch?,Yes,,all
170,Watching Siblings,"You've agreed to stay home and watch your younger siblings for the night. As your parents get ready to leave, you get a text from one of your friends inviting you out to go bowling. You feel a sharp pang of anxiety about missing out. You remind yourself there will be other oppourunities to go out with your friends, and you feel the pressure lift. ",,Positive,https://unsplash.com/photos/putting-the-phones-down-ANXvPivk6Fw,Does the pressure lift after reminding yourself there will be other opportunities?,Yes,,all
171,Worksheet Pace,"You watch classmates fly through a review worksheet while you're still on question three. You start to feel shame creep over you as you think about how everyone seems to learn faster than you. You remind yourself that understanding deeply takes time, and you feel forgiving of your pace. ",,Positive,https://drive.google.com/drive/folders/1uRwPbAA8d2JKaKCMOAKMTcHNiy387Rdn,Do you feel forgiving of your own learning pace?,Yes,,all
172,Wrong Locker 3,"It's the first day of school, and you have a new locker assignment. Your locker won't open, and you are getting really frustrated, until another student you know walks over and says that you have the wrong locker. You feel embarrassed, but the other student probably won't even remember. 
",,Positive,https://unsplash.com/photos/a-close-up-of-a-door-handle-on-a-blue-door-heK5p3ggeEc,Will the other student likely remember this moment?,No,,all
173,Yoga Class 3,"During yoga class, you can’t stop thinking about how awkward you look as you go through the poses. You start to assume everyone’s silently judging you, and you feel your face begin to burn. You remind yourself that everyone’s focused on their own balance, and you begin to feel grounded.",,Positive,https://unsplash.com/photos/a-group-of-people-sitting-at-a-table-PktK6GuC3U4,Do you feel grounded after reminding yourself everyone's focused on their own balance?,Yes,,all
174,Zero Waste Project 3,"At school, one of your friends is doing a new ""zero waste"" project and collecting all the trash they use for a week in a single plastic bag .When someone praises your friend for their sustainability project, you instantly feel uncomfortable, wondering if you seem uncaring in comparison. When you think about your friend's zero waste project, you feel proud of their efforts. ",,Positive,https://unsplash.com/photos/blue-and-white-labeled-pack-ttg1CM0YmGI,Do you feel proud of your friend's sustainability efforts?,Yes,,all
175,Class Debate 3,"In class, someone dismisses your opinion during a debate. You imagine everyone agreeing with them silently. The moment leaves you feeling proud you voiced your opinion. ",,Positive,https://unsplash.com/photos/a-classroom-full-of-students-raising-their-hands-anrGGq7C-8s,Do you feel proud that you voiced your opinion?,Yes,,all
176,Accidental Like 2,"You accidentally “like” a post from someone’s throwback photo on Instagram. You imagine they’ll think you were stalking them, so you feel embarrassed. You consider that people do that all the time without thinking. ","You let that possibility settle, and you come away feeling better. ",Resilience ,https://unsplash.com/photos/a-person-holding-a-cell-phone-x70p5Zau7sY,Your crush will probably...,Forget about this moment,Rememeber this forever,
177,Amusement Park 2,"Your friends ask you to go to an amusement park with them this weekend. It is really expensive, and you know you won't be able to afford it. When you picture yourself telling your friends that you can't go, you feel insecure. You think it over a little more and remember that you have really nice friends. When you tell them, they will be understanding. ","You think it over a little more and remember that you have really nice friends. When you tell them, they will be understanding. ",Resilience ,https://unsplash.com/photos/an-amusement-park-with-a-ferris-wheel-and-rides-HlfmDoUm_xo,Do you trust your friends to be understanding? ,Yes,,1
178,Application Question,"Someone asks where you're applying, and they react with a polite smile. You worry they're secretly judging your decision and feel heat rise in your cheeks. You think their smile probably means they are mocking you. ","You feel offended, until you remember that you can't be sure of what their smile means, and there's every chance they think your choice is fine. ",Resilience ,https://unsplash.com/photos/people-sitting-on-chair-in-front-of-table-while-holding-pens-during-daytime-KdeqA3aTnBY,Do you know what their smile means? ,No,,1
179,Being Ignored 2,"You walk into class and spot your friend across the room. You walk towards them, smiling, but your friend doesn’t look up from their phone when you pass. You start thinking they’re ignoring you on purpose, and you feel your confidence sink. ","You remind yourself that people get absorbed in their screens, and you can handle moments that feel one-sided.",Resilience ,https://unsplash.com/photos/a-man-sitting-at-a-table-looking-at-his-cell-phone-mZoaktrJc1I,Your friend is probably...,Absorbed in their phone,Ignoring you on purpose,
180,Blank Mind 2,"Your teacher asks a question to your English class about the chapter assigned for homework. You raise your hand, and your teacher calls on you. As you begin talking, you stumble over your words a bit and worry that your classmates think you are dumb. ","When you finish talking, you look around and see people nodding and realize your classmates probably thought you sounded knowledgeable.",Resilience ,https://unsplash.com/photos/open-notebook-with-pen-and-pencils-on-desk-n9AaeihA9HI,Did you sound knowledgeable? ,Yes,,1
181,Borrowed Calculator 2,"You borrowed your friend's calculator in math class today. When you get home, you notice that the calculator is still in your backpack. You think that your friend will be angry that you took it home by mistake. ","You think about how you would react if the situation were reversed, and realize that your friend will probably forgive you. ",Resilience ,https://unsplash.com/photos/a-calculator-and-a-pen-sitting-on-top-of-a-piece-of-paper-Vs6ip7fsld8,Will your friends forgive you? ,Yes,,1
182,Breakout Rooms 2,"During a Zoom class, you're placed into breakout rooms. When you start the discussion, your camera is on, but everyone else leaves their cameras off and their mics muted. You wonder if others will think you are a try-hard. ","You think about how greatful your teacher will be for your participation, and you feel proud. ",Resilience ,https://unsplash.com/photos/black-and-silver-laptop-computer-on-brown-wooden-table-qnWPjzewewA ,Is your teacher greatful for your participation? ,Yes,,1
183,Casual Outfit,You’re getting ready for the school dance and your friends are all texting in the group chat. You notice your outfit suddenly looks way more casual than what your friends say they’re wearing. You suddenly worry your outfit is inappropriate. ,"After a few minutes, you consider that your outfit makes you feel comfortable and happy, and you come away feeling satisfied with your choice. ",Resilience ,https://unsplash.com/photos/person-holding-assorted-clothes-in-wooden-hanger-Fzde_6ITjkw,Your friends will probably think your outfit is...,Cute and stylish,A weird chocie,
184,Class Debate 3,"In class, someone dismisses your opinion during a debate. You imagine everyone agreeing with them silently. The moment leaves you feeling overlooked. ","But you remind yourself speaking up still matters, and you feel stronger.",Resilience ,https://unsplash.com/photos/a-classroom-full-of-students-raising-their-hands-anrGGq7C-8s,"When you think about voicing your opinon in the future, you feel...",Energized to share your ideas,Ashamed of your viewpoints,
185,Coughing in Class 2,"You cough during a quiet part of class, and everyone turns around. You instantly feel embarrassed and assume they think you’re contagious. ","When the teacher simply hands you a tissue, you realize it likely wasn’t a big deal, and you feel calmer.",Resilience ,https://drive.google.com/drive/folders/1uRwPbAA8d2JKaKCMOAKMTcHNiy387Rdn,Do people care that you coughed? ,No,,1
186,Field Trip 2,"You are on a field trip with your school to a local museum and have a group assignment to complete while you're there. You've been grouped with other students who usually don't care about getting a good grade. You start to think about how the assignment will go, and feel uneasy. ","As you start to work on the assignment, you realize the only work you can control is your own. ",Resilience ,https://unsplash.com/photos/two-people-sitting-on-a-bench-in-front-of-paintings-jsjjScF-mx0,Can you control other people's work? ,No,,1
187,First Day ,"On the first day at your new high school, everyone seems to know where they’re going except you. You think you’ll stand out as the confused freshman, so you feel tense. ","You remember that some confusion your freshman year is normal, and you feel better. ",Resilience ,https://unsplash.com/photos/staircase-leading-to-an-open-doorway-with-chairs-and-chairs-jRjmp_aq78g,Is it normal to be confused as a freshman? ,Yes,,2
188,Grade Comparison 2,"You got your report card today, and you got a couple of lower grades than you expected. Your friends are talking about their grades, and they said they got straight As. If you tell your friends your grades, you think they will be judgmental. "," You take a deep breath, remembering the grades don't define you, and you feel stronger. ",Resilience ,https://drive.google.com/drive/folders/11erz7svhT8lBivklKfbquawegoQR5jNN,Do your grades define you? ,No,,2
189,Group Chat Argument,"You and your friends have a group chat where you mostly talk about TV shows and fun inside jokes. One day, an argument breaks out between two of your closest friends. You feel tense and anxious, imagining friendships breaking apart, and feel the urge to try to fix everything. ","You recall that people can argue with one another and still remain friends, and you feel calmer. ",Resilience ,https://unsplash.com/photos/person-wearing-gold-ring-and-black-watch-JymzL7rN1PM,"When it comes to arguments between friends, you feel....",Able to support without interfering,Responsible for fixing everything,
190,Group Dismissal 2,"You are working on a group project in class, and everyone talks over you when you try to suggest an idea. You worry your ideas are terrible and feel your confidence drop sharply. You remind yourself that people sometimes interrupt you because they are unkind. ","When one of your classmates asks you to speak up, you realize they may have just misheard you. ",Resilience ,https://drive.google.com/drive/folders/1uRwPbAA8d2JKaKCMOAKMTcHNiy387Rdn,"Next time you have the oppourtunity to share an idea, you will...",Feel comfortable speaking up,Stay silent,
191,Hallway Chat ,"You walk into a busy hallway after math class. Right away, you spot your partner talking closely with someone at their locker. You immediately wonder if they’re flirting, and you feel a spike of jealousy. ","You take a deep breath, and consider that your partner is a friendly person. ",Resilience ,https://unsplash.com/photos/a-group-of-women-walking-down-a-flight-of-stairs-cGNpbbdNATU,You think your parnter's friendships are...,Healthy,Threatening,
192,Holding Hands,"Your new significant other says they don’t like holding hands in the hallway. You worry they’re embarrassed to be seen with you, and you instantly feel rejected. ","You remind yourself that everyone has different comfort levels, and your significant other may just be shy. ",Resilience ,https://pixabay.com/photos/school-lockers-hallway-high-school-417612/,Could your significant other be shy? ,Yes,,2
193,Last Picked 2,"In PE class, two students are picking teams for a game. You stand and wait as your classmates are chosen one by one, and you end up being the last person picked. Standing alone, you feel humiliated. 
","When you think about it, you realize that most people were focused on themselves and probably didn't notice. ",Resilience ,https://drive.google.com/drive/folders/11erz7svhT8lBivklKfbquawegoQR5jNN,Are people mostly focused on themselves? ,Yes,,2
194,Laughing at Locker 2,"You are putting some books in your locker before your first period class, trying to dispel your tiredness. All of a sudden, you hear people laughing near your locker and glance over. You think they are mocking you. ","After a moment, you remind yourself you don’t know what they’re talking about, and you feel yourself relax. ",Resilience ,https://unsplash.com/photos/a-close-up-of-a-door-handle-on-a-blue-door-heK5p3ggeEc,Do you know what the other people are talking about? ,No,,2
195,Laughing at Lunch ,"At lunch, the person you’re dating laughs with someone you don’t know. As you sit down next to them, your date doesn’t introduce you to their friend. You worry they like that person more, and you feel rejected. ","You remind yourself that people get distracted in conversation, and you feel secure in your relationship. ",Resilience ,https://unsplash.com/photos/group-of-clever-college-student-standing-by-programmer-in-front-of-laptop-helping-them-to-find-information-for-seminar-S14Fgg0ClCc,Is it possible your partner got distracted? ,Yes,,2
196,Living with Extended Family,"You live with a few extended family members. Your friend asks if they can come over after school to study, and they don't know how many people live in your home. As you picture your friend coming into your home, you think they will be surprised. ","You also know that your friend is really nice, so they will be accepting.",Resilience ,https://unsplash.com/photos/person-writing-on-brown-wooden-table-near-white-ceramic-mug-s9CC2SKySJM,Will your friend be accepting? ,Yes,,2
197,Making Dinner 2,"You’re watching a movie with friends at home while your Mom cookes dinner. Someone asks about a strange smell from upstairs, and you immediately worry they’re judging your family. You feel embarrassed. ","You also know homes all smell different when something is cooking, and when you think about answering your friend, you feel eager to share your culture. ",Resilience ,https://unsplash.com/photos/a-person-sitting-in-front-of-a-television-playing-a-video-game-nGr0EW9Xs2k,Will your friend accept your culture? ,Yes,,2
198,Message Delivered,"The person you’re talking to leaves your message on delivered for hours, but you see them active online. You feel a knot in your stomach as you stare at their online icon, trying to guess what it means. You worry that they are ignoring you. ","You remind yourself that behavior online is not always logical, and you can tolerate the uncertainty.",Resilience ,https://unsplash.com/photos/person-holding-black-iphone-4-PjoJga8EovQ,When you think about your ability to tolerate uncertainty. you feel...,Proud of yourself,Totally helpless,
199,Misinformation,"Someone posts a misleading meme that everyone seems to believe. You think about how easily misinformation spreads, and feel your mind start to spiral with uncertainty. The realization leaves you feeling anxious about the future. ","When you think about the ability of people your age to spot false information and AI-generated content, you feel reassured. ",Resilience ,https://unsplash.com/photos/woman-holding-silver-iphone-6-SpVHcbuKi6E,You think most people are...,Able to spot obvious misinformation,Totally duped by misinformation,
200,Mistaken Wave ,"Someone you like waves at you from across the room during lunch. Thinking they are waving at you, you wave back, but they point to a person behind you. You feel a burning rush of embarrassment and worry that you came across as weird. ","You remind yourself that awkward moments happen to everyone, and you can tolerate the brief discomfort. ",Resilience ,https://stockcake.com/i/school-cafeteria-lunch_1181082_952678,You think this person will...,Forget about this moment quickly,Think you are totally weird,
201,No Eye Contact,"You spot your crush in the hallway. They pass you without making eye contact, You immediately assume your crush is upset with you. ","You remind yourself there could be dozens of explanations for your crush's behavior, and you feel pacified. ",Resilience ,https://unsplash.com/photos/a-woman-standing-in-front-of-a-black-box-aBKkvT7tfW4,Are there many explanations for your crush's behavior? ,Yes,,2
202,No First Kiss ,"You and your friends are chatting about dating and relationships. You realize you had your first kiss before a lot of your friends, and you start to worry that people think you're too promiscuous. The thought makes you uncomfortable. ","You then think back on the moment and how you enjoyed it, and you feel confident in your choices. ",Resilience ,https://unsplash.com/photos/a-group-of-young-high-school-students-standing-near-locker-in-campus-hallway-talking-during-break-T_0O6GnAq4E,Do you feel confident in yourself? ,Yes,,2
203,Not Tagged 2,"You don’t get tagged in a group photo on Instagram even though you were there. You wonder if the person posting it didn’t want people to know you were part of the group. Thinking about the people you took the photo with, you feel abandoned. ","You notice that a few other people weren't tagged either, and realize that the person posting the photos probably forgot. ",Resilience ,https://drive.google.com/file/d/10VO6W_ruczZYngXAu_jshm0ZK4WNKcbu/view?usp=sharing,Is it possible the person posting the photo forgot to tag you? ,Yes,,2
204,Online Hangout,"You see from social media stories that a group of your friends are hanging out together. You weren't invited, and it looks like they're having a great time. Your friends probably didn't invite you because they forgot. ","You are sad that you weren't invited to hang out with your friends, but you realize that being sad about the situation is understandable.",Resilience ,https://drive.google.com/drive/folders/1hqA3AXPEiXTO6jdJodtghR3uuRiEIry5?dmr=1&ec=wgc-drive-%5Bmodule%5D-goto,Is it understandable to be sad about the situation? ,Yes,,2
205,Parking Practice,"You’re practicing parallel parking for your driver’s test. As you drive around the parking lot with your parent, two kids from school walk by and glance over. You assume they’re judging your terrible parking and you feel embarrassed. ","You realize you can’t know what they thought, and you begin to feel relaxed.",Resilience ,https://unsplash.com/photos/a-parking-lot-filled-with-lots-of-parked-cars-I1GC6vQQ_S8,Can you know what the other person thought? ,Yes,,2
206,Party Pressure,"You are sitting in your last class of the day on a Friday, getting excited about a gathering you are attending with your classmates over the weekend. You overhear classmates bragging about drinking and getting high at the event. You imagine being judged for not joining in, and the pressure leaves you feeling unsure. ","You remind yourself that your choices are your own and no one can make you do anything without your consent, and you feel confident.",Resilience ,https://unsplash.com/photos/students-are-greeting-each-other-in-a-classroom--yFcfBHB_No,Are you in charge of your own choices? ,Yes,,2
207,Peer Pressure 2,You hear classmates bragging about drinking and getting high over the weekend. You imagine being judged for not joining in. The pressure leaves you feeling unsure. ,"Then you remember your choices have served you well so far, and you feel confident about choosing for yourself. ",Resilience ,https://unsplash.com/photos/woman-in-black-sweatshirt-F53xfHAOwBI,Are you confident in your choices? ,Yes,,2
208,Research Talk ,"You are giving a presentation to your class about your research project. You feel that your hands are shaking a little. Wondering if it is obvious, you look around and see that a few classmates have noticed. ","You continue your presentation, and as time passes, you realize that your nerves are manageable. ",Resilience ,https://unsplash.com/photos/students-smiling-in-a-lecture-hall-classroom-NGLWZV4xOPg,Can you tolerate some anxiety? ,Yes,,2
209,School Picture Day,"You're getting ready before school picture day. As you're looking in the mirror, you notice a breakout on your forehead. You feel embarrassed about having acne in your yearbook photo. ","You consider that most people your age are dealing with their own skin issues, and you feel sympathetic towards yourself. ",Resilience ,https://unsplash.com/photos/a-person-holding-a-mirror-in-their-hand-ylgbljMTi4o,Are skin issues normal for teenagers? ,Yes,,all
210,Science Fair 2,"The science fair is next week and you've been working hard on your project. You overheard your classmates joking that only ""nerds"" participate. You think about all the work you've put in preparing your project, and you feel embarrassed. ","However, you also think about how much fun you had building the project, and you shrug off their remarks, feeling pleased with your work. ",Resilience ,https://unsplash.com/photos/diverse-group-of-friends-hanging-out-in-the-park-millennials-and-youth-culture-concept-FOkhwaU3in0,Did you have fun building the project? ,Yes,,all
211,Selfie Reaction ,"You spend a while taking the perfect selfie to send to the person you're talking to. They react with a simple emoji instead of words, and you start overanalyzing whether they actually liked it. The uncertainty makes you feel discouraged.","You remind yourself that people communicate differently, and you can adjust to different styles. ",Resilience ,https://unsplash.com/photos/a-person-holding-a-cell-phone-in-their-hand-PuqI0ZNWNtU,Is it possible for people to communicate differently? ,Yes,,all
212,Sharing a Joke 2,"You show your friend a funny meme on your phone at lunch time, expecting them to laugh. They smile briefly, but don't seem that entertained. You feel an instant surge of embarrassment. ",Your friend probably didn't laugh because they're distracted. ,Resilience ,https://unsplash.com/photos/a-couple-of-people-sitting-on-top-of-a-bench-5O2WsA93zAQ,Is it possible your friend got distracted? ,Yes,,all
213,Small Role 2,"You are assigned to act out a scene in your English class, and your group assigns you a very small role. You feel a flush of embarrassment, wondering if your group thinks you're incapable. ","As you practice your lines, you realize your assignment probably wasn't targeted. ",Resilience ,https://unsplash.com/photos/a-close-up-of-an-open-book-with-writing-on-it-WAchuh1Gc-0,Was the assignment personal? ,No,,all
214,Solo Prom 2,Your classmates are planning for prom dates and talking about outfits. You don’t have a date yet. The thought of going alone makes you feel awkward. ,"You remind yourself that you can still enjoy the night even if you have a different experience than your friends, and you feel anticipation. ",Resilience ,https://unsplash.com/photos/five-young-people-gathered-around-a-blue-table-with-drinks-Si_z7H-5RbE,Will you enjoy the night? ,Yes,,all
215,Submitted Without You 2,"Your group submits a big project without checking in with you. Your surprise quickly turns into insecurity, wondering if they finished without you because they think your work is bad. You think about the quality of your work on the assignment, and you feel unhappy. ","You remind yourself that you tried your best, and your group just wanted the assignment to be finished. ",Resilience ,https://unsplash.com/photos/person-using-macbook-pro-on-white-table-ejhjSZKTeeg,Did you try your best? ,Yes,,all
216,Sweet Sixteen,"You’re hosting your Sweet Sixteen, a party you've been planning for months. A few of your friends text at the last minute that they can't make it. You think their response means they upset with you. ","You consider that plans can sometimes change last minute and teenagers don't always have control over their time, and you feel forgiving.  ",Resilience ,https://unsplash.com/photos/woman-in-purple-and-black-stripe-long-sleeve-shirt-holding-blue-smartphone-X9ZIgLrwx-w,Can you tolerate last minute change? ,Yes,,all
217,Tall Friend,"You’re taller than almost everyone at the school dance, and your shoulders feel huge in the photos you've seen on social media. You assume people think you look awkward, so you feel self-conscious."," You think about how lots of teens are still growing at different speeds, and you start to feel normal. ",Resilience ,https://unsplash.com/photos/person-holding-smartphone-with-turned-on-screen-ikWPjR_l78c,Is it normal to grow at different speeds? ,Yes,,all
218,Teammates Whispering 2,"You are playing a tough sports game and take a second to breathe near the sidelines. As you catch your breath, you notice two teammates whispering on the bench. You immediatly assume they are talking about you, and feel panicked. ","A moment later, you realize there are a ton of different things they could be talking about, and you feel focused on the game. ",Resilience ,https://unsplash.com/photos/green-and-white-stripe-pathway-fDmpxdV69eA,Are you able to re-focus on the game? ,Yes,,all
219,Test Talk at Lunch,"You and your friends are eating lunch in the cafeteria. Your friend shares a story about acing a test that you just badly failed. You don't say anything, but you feel a huge bolt of shame about your poor performance. ","As the conversation moves on, you remind yourself that people learn at different paces, and you feel better. ",Resilience ,https://unsplash.com/photos/people-sitting-on-chair-inside-room-TAy7nXHoH1E,Do you judge yourself for learning at a different pace? ,No,,all
220,Unusual Repsonse ,"You text your friend something funny you saw online. You see three dots pop up, then disappear, and you immediately worry you said something cringey. Their lack of response makes you feel uneasy. ","You remind yourself that there are lots of reasons a person might pause while writing a text, and you feel excited for their response. ",Resilience ,https://unsplash.com/photos/a-person-holding-a-cell-phone-x70p5Zau7sY,Are there many reasons your friend could have paused while typing? ,Yes,,all
221,Valentine's Day,"At school on Valentines day, you see couples posing for matching photos. You are single, and begin to feel anxious that you'll never be in a relationship. Thinking about the future, you feel discouraged."," Later, you consider that most people meet their significant other after high school, and you come away feeling hopeful.",Resilience ,https://unsplash.com/photos/a-hand-holding-a-phone-C1o3ay5et5M,Do you have time to meet your future partner? ,Yes,,all
222,Volunteer Event ,You volunteer at an event at the place you want to work someday and accidentally drop a box of supplies. Heat rises to your face as people glance over. They probably think you are clumsy. ,"Then someone smiles at you as they help you pick things up, and you start to feel competent.",Resilience ,https://unsplash.com/photos/a-person-reaching-for-papers-on-the-floor-_brFtesL_XU,Do you feel competent? ,No,,all
223,Weekend Trip,"You scroll through your feed and see friends posting about their weekend trip. You weren’t invited. You worry they don’t want you around, and you feel excluded. ","You consider that they might have had limited space on the trip, and your hurt lessens. ",Resilience ,https://drive.google.com/file/d/1YZNvY59gmmSNYRF5GOy9ubSn13ovIQaU/view?usp=sharing,Could spots on the trip be limited? ,Yes,,all
224,Zero Waste Project 2,"At school, one of your friends is doing a new ""zero waste"" project and collecting all the trash they use for a week in a single plastic bag .When someone praises your friend for their sustainability project, you instantly feel uncomfortable, wondering if you seem uncaring in comparison. When you think about your friend's zero waste project, you feel insecure. ","You remember that different types of climate action can still create change, and you feel grounded. ",Resilience ,https://unsplash.com/photos/blue-and-white-labeled-pack-ttg1CM0YmGI,Are there many different types of climate action? ,Yes,,all
225,Wrong Locker 3,"It's the first day of school, and you have a new locker assignment. Your locker won't open, and you are getting really frustrated, until another student you know walks over and says that you have the wrong locker. You feel embarrassed. 
","As the other student walks away, you decide they probably won't even remember. ",Resilience ,https://unsplash.com/photos/a-close-up-of-a-door-handle-on-a-blue-door-heK5p3ggeEc,Do you think the other student will rememeber this? ,No,,all